Event_ID,Station,Date,Year,JulianDay,HF_Time,Swell_Time,SwellMetric,HF_Count,Swell_Count,Swell_Amp_Z,Swell_Amp_N,HF_Amp_Z,HF_Amp_N,Thresh_HF,Thresh_SwellZ
7,DR01,11/28/2014,2014,332,11/28/14 6:50,11/28/14 6:32,3.767717362,7,24,6.77E-06,4.84E-06,4.83E-08,7.22E-08,9.76E-07,1.47E-05
4,DR01,11/29/2014,2014,333,11/29/14 16:18,11/29/14 15:52,3.737430525,5,22,5.17E-06,2.04E-06,2.76E-08,4.18E-08,5.67E-07,1.37E-05
1,DR01,12/3/2014,2014,337,12/3/14 1:55,12/3/14 1:56,3.082307985,24,20,7.28E-06,4.07E-06,4.94E-08,6.85E-08,5.68E-07,1.11E-05
2,DR01,12/4/2014,2014,338,12/4/14 7:30,12/4/14 7:30,5.040875503,2,20,1.24E-05,5.51E-06,3.71E-07,4.23E-07,1.59E-06,8.47E-06
2,DR01,12/6/2014,2014,340,12/6/14 1:40,12/6/14 1:40,5.924099358,5,19,1.39E-05,5.43E-06,3.03E-07,2.89E-07,1.23E-06,1.00E-05
4,DR01,12/7/2014,2014,341,12/7/14 14:38,12/7/14 14:38,33.80368771,12,15,1.78E-05,2.81E-06,1.29E-07,7.11E-08,5.18E-07,1.31E-05
1,DR01,12/9/2014,2014,343,12/9/14 0:24,12/9/14 1:29,3.340400458,20,24,3.69E-06,1.89E-06,2.26E-08,4.09E-08,3.06E-07,1.35E-05
18,DR01,12/9/2014,2014,343,12/9/14 23:53,12/9/14 23:57,3.180127738,20,24,3.44E-06,9.19E-07,3.67E-08,6.62E-08,3.06E-07,1.35E-05
19,DR01,12/10/2014,2014,344,12/10/14 21:21,12/10/14 22:12,3.615437989,21,23,3.21E-06,1.55E-06,5.77E-08,1.04E-07,1.08E-06,1.31E-05
22,DR01,12/11/2014,2014,345,12/11/14 3:55,12/11/14 3:58,3.353229748,42,25,2.07E-06,2.05E-06,4.49E-08,7.31E-08,3.62E-07,1.09E-05
40,DR01,12/11/2014,2014,345,12/11/14 4:38,12/11/14 4:29,3.175295349,42,25,2.57E-06,2.25E-06,4.67E-08,7.64E-08,3.62E-07,1.09E-05
12,DR01,12/14/2014,2014,348,12/14/14 2:11,12/14/14 2:22,3.007724389,15,23,6.59E-06,4.58E-06,1.19E-08,1.71E-08,1.90E-07,3.61E-05
10,DR01,12/17/2014,2014,351,12/17/14 22:07,12/17/14 11:17,4.852084828,15,24,5.31E-06,3.60E-06,4.00E-08,6.51E-08,6.83E-07,2.10E-05
13,DR01,12/17/2014,2014,351,12/17/14 22:55,12/17/14 11:17,4.460360582,15,24,5.23E-06,2.35E-06,3.65E-08,5.89E-08,6.83E-07,2.10E-05
15,DR01,12/17/2014,2014,351,12/17/14 23:53,12/17/14 11:17,3.422615497,15,24,5.02E-06,1.33E-06,3.94E-08,5.73E-08,6.83E-07,2.10E-05
2,DR01,12/19/2014,2014,353,12/19/14 10:24,12/19/14 9:31,5.160273116,3,26,4.94E-06,2.06E-06,1.90E-08,3.54E-08,4.16E-07,2.19E-05
1,DR01,12/21/2014,2014,355,12/21/14 5:37,12/21/14 5:42,4.31340931,15,26,7.14E-06,2.76E-06,2.66E-08,4.83E-08,2.91E-07,2.68E-05
4,DR01,12/22/2014,2014,356,12/22/14 19:17,12/22/14 18:39,5.294945824,16,33,6.94E-06,3.02E-06,1.65E-07,2.00E-07,2.19E-06,2.78E-05
21,DR01,12/24/2014,2014,358,12/24/14 20:09,12/24/14 18:21,3.029398133,26,26,4.21E-06,2.37E-06,1.38E-08,2.07E-08,2.29E-07,2.13E-05
7,DR01,12/31/2014,2014,365,12/31/14 12:42,12/31/14 14:33,3.927035553,15,28,7.55E-06,3.26E-06,1.95E-08,3.11E-08,3.56E-07,2.66E-05
8,DR01,12/31/2014,2014,365,12/31/14 13:59,12/31/14 14:33,3.033912562,15,28,7.22E-06,5.20E-06,1.22E-08,2.02E-08,3.56E-07,2.66E-05
7,DR01,1/6/2015,2015,6,1/6/15 7:54,1/6/15 21:07,3.261981624,44,23,5.44E-06,2.75E-06,2.75E-07,3.94E-07,1.60E-06,3.28E-05
34,DR01,1/6/2015,2015,6,1/6/15 9:03,1/6/15 21:07,4.554037268,44,23,4.26E-06,4.79E-06,2.70E-07,3.69E-07,1.60E-06,3.28E-05
17,DR01,1/7/2015,2015,7,1/7/15 3:46,1/7/15 10:50,4.781734578,23,34,9.22E-06,3.99E-06,1.82E-07,2.52E-07,1.73E-06,6.78E-05
2,DR01,1/8/2015,2015,8,1/8/15 12:21,1/8/15 17:36,4.0248374,5,30,1.51E-05,5.18E-06,5.97E-08,6.25E-08,2.86E-07,5.08E-05
1,DR01,1/9/2015,2015,9,1/9/15 8:32,1/9/15 8:33,10.09260097,10,15,2.70E-05,1.58E-05,3.65E-07,5.55E-07,4.78E-06,3.74E-05
3,DR01,1/9/2015,2015,9,1/9/15 18:48,1/9/15 18:48,15.14475986,10,15,0.000116265,4.97E-05,9.65E-07,1.00E-06,4.78E-06,3.74E-05
1,DR01,1/11/2015,2015,11,1/11/15 3:06,1/11/15 3:06,16.36695409,2,29,6.25E-05,2.24E-05,5.49E-07,3.69E-07,1.73E-06,3.86E-05
2,DR01,1/13/2015,2015,13,1/13/15 9:41,1/13/15 9:42,3.050717118,2,28,7.09E-05,3.40E-05,8.58E-07,8.57E-07,4.46E-06,9.55E-05
10,DR01,1/14/2015,2015,14,1/14/15 13:45,1/14/15 13:27,3.01823762,13,28,1.19E-05,7.94E-06,3.34E-07,4.69E-07,2.45E-06,7.15E-05
13,DR01,1/14/2015,2015,14,1/14/15 16:22,1/14/15 16:23,11.17382394,13,28,3.58E-05,1.36E-05,4.28E-07,4.20E-07,2.45E-06,7.15E-05
2,DR01,1/15/2015,2015,15,1/15/15 15:07,1/15/15 15:07,4.954509222,2,25,4.25E-05,1.67E-05,9.14E-07,1.11E-06,4.65E-06,3.93E-05
1,DR01,1/16/2015,2015,16,1/16/15 20:57,1/16/15 20:57,5.820891812,2,33,2.47E-05,1.02E-05,4.97E-07,4.98E-07,2.94E-06,4.79E-05
4,DR01,1/17/2015,2015,17,1/17/15 16:33,1/17/15 16:33,8.756563392,4,30,3.64E-05,1.15E-05,2.78E-07,2.94E-07,1.46E-06,4.85E-05
1,DR01,1/18/2015,2015,18,1/18/15 2:40,1/18/15 2:40,4.707726216,1,18,0.000555225,0.00028919,2.79E-06,3.81E-06,1.41E-05,0.000743111
2,DR01,1/19/2015,2015,19,1/19/15 9:19,1/19/15 2:39,6.974014698,3,22,2.46E-05,1.09E-05,2.94E-07,4.19E-07,3.02E-06,0.000413796
3,DR01,1/19/2015,2015,19,1/19/15 11:28,1/19/15 2:39,8.404908216,3,22,3.68E-05,1.43E-05,6.26E-07,5.86E-07,3.02E-06,0.000413796
1,DR01,1/20/2015,2015,20,1/20/15 1:03,1/20/15 17:34,4.059058439,4,25,4.03E-05,2.25E-05,5.21E-07,6.12E-07,4.62E-06,0.000160719
2,DR01,1/21/2015,2015,21,1/21/15 4:15,1/21/15 4:15,3.49516124,4,27,8.09E-05,2.86E-05,7.32E-07,9.73E-07,6.51E-06,0.000116035
1,DR01,1/23/2015,2015,23,1/23/15 15:10,1/23/15 15:11,8.682580023,2,16,5.39E-05,2.39E-05,4.33E-07,5.88E-07,2.41E-06,0.000108875
3,DR01,1/26/2015,2015,26,1/26/15 1:38,1/26/15 7:26,3.336744618,9,38,4.57E-05,1.04E-05,1.92E-07,1.19E-07,9.56E-07,0.000149947
1,DR01,1/27/2015,2015,27,1/27/15 11:37,1/27/15 11:38,6.061822876,2,34,0.000214145,9.69E-05,1.49E-06,2.63E-06,1.13E-05,0.000166325
2,DR01,1/27/2015,2015,27,1/27/15 17:19,1/27/15 17:20,9.255185706,2,34,0.000111837,5.02E-05,9.89E-07,1.29E-06,1.13E-05,0.000166325
1,DR01,1/31/2015,2015,31,1/31/15 0:00,1/31/15 0:24,3.63221186,4,28,5.90E-05,1.92E-05,2.83E-07,2.81E-07,1.89E-06,0.000207176
1,DR01,2/4/2015,2015,35,2/4/15 1:12,2/4/15 1:15,4.794352874,1,31,7.59E-05,3.30E-05,6.12E-07,5.57E-07,2.42E-06,0.000109491
1,DR01,2/8/2015,2015,39,2/8/15 20:01,2/8/15 20:01,6.447748891,1,32,0.000619751,0.000295758,5.69E-06,1.12E-05,3.57E-05,0.000161373
1,DR01,2/13/2015,2015,44,2/13/15 3:17,2/13/15 3:18,3.120594266,4,50,5.94E-05,2.69E-05,7.45E-08,9.49E-08,1.30E-06,0.000229435
5,DR01,2/19/2015,2015,50,2/19/15 19:51,2/19/15 17:07,4.608257754,11,18,9.95E-05,5.57E-05,1.15E-07,2.10E-07,3.46E-06,0.00064341
11,DR01,2/27/2015,2015,58,2/27/15 10:26,2/27/15 10:23,3.314828506,20,43,5.74E-05,2.95E-05,4.08E-07,6.16E-07,5.91E-06,0.000213752
12,DR01,2/28/2015,2015,59,2/28/15 6:39,2/28/15 6:39,3.566687586,14,35,4.80E-05,1.77E-05,2.82E-07,3.68E-07,2.57E-06,0.000160881
3,DR01,3/3/2015,2015,62,3/3/15 12:44,3/3/15 13:33,3.157459993,35,19,1.25E-05,5.70E-06,1.96E-07,2.70E-07,1.35E-06,5.77E-05
4,DR01,3/3/2015,2015,62,3/3/15 12:46,3/3/15 13:33,4.797509897,35,19,1.33E-05,5.47E-06,2.04E-07,2.82E-07,1.35E-06,5.77E-05
1,DR01,3/4/2015,2015,63,3/4/15 13:29,3/4/15 13:29,4.707913379,1,34,8.50E-05,3.38E-05,7.39E-07,8.99E-07,3.73E-06,5.06E-05
1,DR01,3/8/2015,2015,67,3/8/15 9:47,3/8/15 21:36,4.197414108,2,17,6.39E-05,2.93E-05,8.20E-07,9.91E-07,4.67E-06,0.000271074
1,DR01,3/10/2015,2015,69,3/10/15 13:49,3/10/15 13:50,3.488690304,1,34,6.91E-05,2.86E-05,5.08E-07,4.39E-07,1.87E-06,8.17E-05
1,DR01,3/12/2015,2015,71,3/12/15 10:04,3/12/15 10:04,5.775047049,1,28,0.000134464,5.72E-05,1.37E-06,1.37E-06,6.36E-06,4.94E-05
25,DR01,3/14/2015,2015,73,3/14/15 17:00,3/14/15 6:23,4.453639147,36,34,1.01E-05,6.76E-06,5.56E-08,8.66E-08,5.63E-07,5.63E-05
13,DR01,3/16/2015,2015,75,3/16/15 13:55,3/16/15 17:29,3.115658559,33,19,1.81E-05,6.73E-06,7.05E-08,1.13E-07,5.85E-07,0.000234063
2,DR01,3/17/2015,2015,76,3/17/15 14:33,3/17/15 14:33,11.08170899,2,12,0.000170859,5.15E-05,7.11E-07,5.64E-07,2.71E-06,0.000157364
7,DR01,3/20/2015,2015,79,3/20/15 2:22,3/20/15 2:07,5.441552415,21,30,4.04E-05,2.13E-05,2.64E-08,4.87E-08,2.24E-07,0.000137284
13,DR01,3/20/2015,2015,79,3/20/15 4:18,3/20/15 3:00,3.707597592,21,30,2.02E-05,1.47E-05,4.36E-08,4.73E-08,2.24E-07,0.000137284
5,DR01,3/23/2015,2015,82,3/23/15 18:59,3/23/15 19:30,3.317286771,16,35,1.83E-05,1.12E-05,1.13E-08,2.89E-08,1.42E-07,5.22E-05
7,DR01,3/26/2015,2015,85,3/26/15 16:39,3/26/15 16:46,3.940494715,10,36,1.93E-05,7.15E-06,1.26E-08,2.12E-08,2.83E-07,5.65E-05
3,DR01,3/29/2015,2015,88,3/29/15 13:17,3/29/15 13:34,3.069434951,3,26,1.02E-05,3.32E-06,6.55E-08,3.78E-08,2.22E-07,2.82E-05
27,DR01,4/2/2015,2015,92,4/2/15 2:13,4/2/15 10:31,3.047010557,63,31,3.83E-06,9.09E-07,3.15E-08,4.37E-08,2.29E-07,5.89E-05
1,DR01,4/5/2015,2015,95,4/5/15 19:40,4/5/15 19:40,5.791572202,2,14,0.00172613,0.000809149,5.96E-06,7.89E-06,3.10E-05,6.99E-05
7,DR01,4/11/2015,2015,101,4/11/15 5:14,4/11/15 5:29,3.599239954,14,22,4.30E-06,2.94E-06,4.80E-08,5.42E-08,2.91E-07,2.52E-05
8,DR01,4/11/2015,2015,101,4/11/15 5:34,4/11/15 5:29,3.549541355,14,22,4.83E-06,2.03E-06,3.14E-08,5.12E-08,2.91E-07,2.52E-05
1,DR01,4/20/2015,2015,110,4/20/15 22:11,4/20/15 22:12,5.368350245,1,27,6.63E-05,3.18E-05,5.92E-07,1.03E-06,4.44E-06,5.60E-05
4,DR01,4/23/2015,2015,113,4/23/15 23:54,4/23/15 22:57,4.672632111,5,25,1.02E-05,2.38E-06,4.04E-08,8.74E-08,4.17E-07,3.19E-05
2,DR01,4/26/2015,2015,116,4/26/15 14:04,4/26/15 14:04,3.589482806,2,28,1.85E-05,5.01E-06,1.56E-07,6.79E-08,2.89E-07,2.42E-05
5,DR01,4/28/2015,2015,118,4/28/15 18:25,4/28/15 4:56,4.955833222,20,27,6.86E-06,3.26E-06,1.14E-08,3.12E-08,1.52E-07,2.87E-05
7,DR01,4/28/2015,2015,118,4/28/15 18:30,4/28/15 4:56,8.88646407,20,27,4.79E-06,1.88E-06,9.81E-09,2.68E-08,1.52E-07,2.87E-05
8,DR01,4/28/2015,2015,118,4/28/15 18:31,4/28/15 4:56,3.340042454,20,27,5.00E-06,3.32E-06,1.11E-08,3.01E-08,1.52E-07,2.87E-05
9,DR01,4/29/2015,2015,119,4/29/15 11:06,4/29/15 10:37,3.936623603,27,26,5.85E-06,2.60E-06,4.72E-08,8.05E-08,3.54E-07,1.86E-05
19,DR01,4/29/2015,2015,119,4/29/15 20:06,4/29/15 19:43,3.266323524,27,26,6.71E-06,3.69E-06,2.02E-08,4.55E-08,3.54E-07,1.86E-05
2,DR01,5/1/2015,2015,121,5/1/15 18:25,5/1/15 18:26,3.102704483,17,22,2.45E-05,9.60E-06,6.66E-08,3.98E-08,2.29E-07,4.56E-05
6,DR01,5/3/2015,2015,123,5/3/15 14:59,5/3/15 7:53,3.791713937,15,25,7.95E-06,4.35E-06,5.80E-08,9.72E-08,3.08E-07,3.69E-05
11,DR01,5/3/2015,2015,123,5/3/15 15:46,5/3/15 7:53,4.731485897,15,25,9.67E-06,6.38E-06,3.98E-08,6.64E-08,3.08E-07,3.69E-05
18,DR01,5/5/2015,2015,125,5/5/15 14:49,5/5/15 18:46,3.338376103,31,28,6.18E-06,2.57E-06,1.89E-08,3.70E-08,2.59E-07,2.51E-05
16,DR01,5/6/2015,2015,126,5/6/15 5:36,5/6/15 3:59,3.241870188,19,20,5.36E-06,2.85E-06,5.77E-08,9.82E-08,3.35E-07,2.49E-05
9,DR01,5/9/2015,2015,129,5/9/15 22:58,5/9/15 22:07,3.916107907,21,27,3.48E-06,2.76E-06,1.37E-08,3.70E-08,2.67E-07,3.11E-05
13,DR01,5/9/2015,2015,129,5/9/15 23:29,5/9/15 22:07,3.47100685,21,27,7.83E-06,4.09E-06,9.80E-09,2.73E-08,2.67E-07,3.11E-05
9,DR01,5/10/2015,2015,130,5/10/15 23:32,5/10/15 23:15,3.132811819,10,35,7.43E-06,4.52E-06,2.15E-08,3.97E-08,2.63E-07,2.90E-05
9,DR01,5/11/2015,2015,131,5/11/15 6:02,5/11/15 6:10,3.752374961,10,28,1.05E-05,5.87E-06,2.84E-08,4.79E-08,2.74E-07,2.23E-05
2,DR01,5/12/2015,2015,132,5/12/15 18:48,5/12/15 8:18,3.591878529,32,12,7.19E-06,4.42E-06,1.22E-08,1.44E-08,1.39E-07,4.66E-05
22,DR01,5/12/2015,2015,132,5/12/15 23:02,5/12/15 8:18,3.199277181,32,12,6.60E-06,3.88E-06,1.12E-08,2.34E-08,1.39E-07,4.66E-05
6,DR01,5/15/2015,2015,135,5/15/15 16:54,5/15/15 16:51,3.502013085,10,28,1.19E-05,4.65E-06,2.34E-08,3.60E-08,2.02E-07,2.76E-05
1,DR01,5/16/2015,2015,136,5/16/15 14:40,5/16/15 15:06,6.001388736,23,23,7.74E-06,3.15E-06,2.56E-08,5.67E-08,4.13E-07,1.96E-05
16,DR01,5/16/2015,2015,136,5/16/15 18:29,5/16/15 19:01,4.021597696,23,23,5.01E-06,2.13E-06,3.49E-08,7.40E-08,4.13E-07,1.96E-05
15,DR01,5/20/2015,2015,140,5/20/15 14:38,5/20/15 20:02,3.241488351,49,23,3.94E-06,2.82E-06,6.46E-08,1.01E-07,5.22E-07,2.45E-05
33,DR01,5/21/2015,2015,141,5/21/15 7:57,5/21/15 10:06,4.127015506,51,22,7.05E-06,3.51E-06,1.23E-07,1.52E-07,6.04E-07,2.29E-05
35,DR01,5/21/2015,2015,141,5/21/15 8:02,5/21/15 10:06,5.163129898,51,22,8.34E-06,4.36E-06,1.05E-07,1.33E-07,6.04E-07,2.29E-05
35,DR01,5/22/2015,2015,142,5/22/15 18:46,5/22/15 22:21,3.371141887,64,25,4.29E-06,2.88E-06,3.57E-08,5.09E-08,2.58E-07,1.72E-05
39,DR01,5/22/2015,2015,142,5/22/15 21:32,5/22/15 22:21,3.418208774,64,25,4.65E-06,3.38E-06,3.90E-08,5.52E-08,2.58E-07,1.72E-05
33,DR01,5/23/2015,2015,143,5/23/15 18:06,5/23/15 18:21,4.172387385,50,23,3.85E-06,3.63E-06,5.40E-08,8.48E-08,4.79E-07,1.46E-05
3,DR01,5/24/2015,2015,144,5/24/15 0:22,5/24/15 4:10,3.180953914,19,22,3.58E-06,1.51E-06,4.78E-08,8.83E-08,3.90E-07,2.29E-05
17,DR01,5/27/2015,2015,147,5/27/15 10:26,5/27/15 10:47,3.527368824,22,22,6.61E-06,4.37E-06,5.62E-08,1.18E-07,3.24E-07,3.78E-05
20,DR01,5/28/2015,2015,148,5/28/15 19:06,5/28/15 19:19,3.768090104,39,23,9.06E-06,4.67E-06,2.51E-08,3.97E-08,3.94E-07,3.23E-05
32,DR01,5/28/2015,2015,148,5/28/15 20:07,5/28/15 20:03,4.602072058,39,23,5.34E-06,4.18E-06,2.77E-08,4.23E-08,3.94E-07,3.23E-05
25,DR01,5/30/2015,2015,150,5/30/15 22:32,5/30/15 21:30,4.266747466,37,24,6.14E-06,3.01E-06,3.95E-08,6.99E-08,4.34E-07,2.86E-05
33,DR01,5/30/2015,2015,150,5/30/15 23:16,5/30/15 23:41,21.48747672,37,24,7.29E-06,3.31E-06,3.86E-08,6.29E-08,4.34E-07,2.86E-05
40,DR01,5/31/2015,2015,151,5/31/15 23:33,5/31/15 18:41,5.750535183,42,22,3.99E-06,3.26E-06,3.25E-08,4.64E-08,2.90E-07,2.74E-05
3,DR01,6/3/2015,2015,154,6/3/15 13:42,6/3/15 13:26,5.195794627,28,19,4.56E-06,3.18E-06,1.13E-07,9.71E-08,1.07E-06,1.28E-05
22,DR01,6/3/2015,2015,154,6/3/15 21:52,6/3/15 22:06,4.631251258,28,19,4.09E-06,2.10E-06,5.42E-08,7.62E-08,1.07E-06,1.28E-05
2,DR01,6/6/2015,2015,157,6/6/15 12:32,6/6/15 12:17,3.400744382,27,21,9.87E-06,6.59E-06,1.97E-08,2.56E-08,4.06E-07,1.94E-05
21,DR01,6/8/2015,2015,159,6/8/15 3:46,6/8/15 3:51,3.755570654,30,27,6.42E-06,3.15E-06,3.89E-08,5.29E-08,2.61E-07,1.83E-05
4,DR01,6/9/2015,2015,160,6/9/15 13:09,6/9/15 12:54,3.154699208,11,23,2.27E-06,9.90E-07,2.02E-08,2.77E-08,1.85E-07,1.49E-05
23,DR01,6/10/2015,2015,161,6/10/15 7:19,6/10/15 21:48,4.89444406,59,21,4.03E-06,3.56E-06,5.71E-08,7.52E-08,3.20E-07,3.15E-05
29,DR01,6/10/2015,2015,161,6/10/15 7:32,6/10/15 21:48,5.819908412,59,21,2.68E-06,2.38E-06,5.37E-08,7.00E-08,3.20E-07,3.15E-05
55,DR01,6/10/2015,2015,161,6/10/15 9:41,6/10/15 21:48,4.779811196,59,21,2.87E-06,1.88E-06,4.95E-08,5.87E-08,3.20E-07,3.15E-05
8,DR01,6/13/2015,2015,164,6/13/15 7:59,6/13/15 8:51,3.028514089,46,24,5.90E-06,3.70E-06,2.68E-08,4.08E-08,2.25E-07,3.00E-05
20,DR01,6/13/2015,2015,164,6/13/15 17:11,6/13/15 17:57,5.419550236,46,24,6.95E-06,4.31E-06,4.76E-08,5.73E-08,2.25E-07,3.00E-05
33,DR01,6/13/2015,2015,164,6/13/15 17:25,6/13/15 17:57,3.578503078,46,24,1.11E-05,5.91E-06,5.39E-08,6.10E-08,2.25E-07,3.00E-05
17,DR01,6/19/2015,2015,170,6/19/15 22:52,6/19/15 23:56,3.404032161,40,21,6.18E-06,3.02E-06,4.13E-08,4.83E-08,1.63E-07,1.85E-05
2,DR01,6/20/2015,2015,171,6/20/15 10:11,6/20/15 10:11,5.333181903,34,14,3.15E-05,6.56E-06,2.29E-07,1.61E-07,1.08E-06,4.51E-05
13,DR01,6/21/2015,2015,172,6/21/15 7:09,6/21/15 7:10,14.3466147,17,18,4.00E-05,9.22E-06,3.30E-07,2.39E-07,1.00E-06,1.78E-05
15,DR01,6/21/2015,2015,172,6/21/15 10:12,6/21/15 10:43,3.169982167,17,18,1.37E-06,1.46E-06,7.69E-08,1.04E-07,1.00E-06,1.78E-05
2,DR01,6/22/2015,2015,173,6/22/15 0:01,6/22/15 4:20,4.271997881,36,27,2.17E-06,1.49E-06,3.53E-08,4.30E-08,1.66E-07,2.17E-05
32,DR01,6/22/2015,2015,173,6/22/15 22:54,6/22/15 22:41,3.495747663,36,27,7.24E-06,3.97E-06,3.15E-08,3.96E-08,1.66E-07,2.17E-05
13,DR01,6/23/2015,2015,174,6/23/15 3:09,6/23/15 3:18,5.331411889,25,22,5.60E-06,3.72E-06,3.40E-08,4.41E-08,1.74E-07,1.92E-05
7,DR01,6/24/2015,2015,175,6/24/15 10:09,6/24/15 10:05,3.405180177,37,26,4.63E-06,2.25E-06,2.96E-08,3.27E-08,1.24E-07,2.21E-05
4,DR01,6/25/2015,2015,176,6/25/15 18:54,6/25/15 19:13,6.809131878,6,23,5.63E-06,3.16E-06,2.77E-08,2.92E-08,1.74E-07,1.63E-05
3,DR01,6/26/2015,2015,177,6/26/15 19:39,6/26/15 19:34,3.130458146,3,22,3.58E-06,2.78E-06,1.75E-08,3.90E-08,1.95E-07,1.66E-05
6,DR01,6/27/2015,2015,178,6/27/15 17:15,6/27/15 16:28,3.994820461,12,23,6.83E-06,4.72E-06,1.90E-08,1.94E-08,3.54E-07,1.58E-05
11,DR01,6/27/2015,2015,178,6/27/15 19:33,6/27/15 22:13,3.448934165,12,23,3.31E-06,2.86E-06,2.26E-08,4.03E-08,3.54E-07,1.58E-05
5,DR01,6/30/2015,2015,181,6/30/15 20:00,6/30/15 13:21,12.66692713,5,29,6.81E-06,3.85E-06,3.25E-08,3.37E-08,4.93E-07,3.93E-05
1,DR01,7/1/2015,2015,182,7/1/15 0:00,7/1/15 0:57,4.832249482,46,18,1.33E-05,7.70E-06,2.69E-07,6.37E-08,6.51E-07,2.22E-05
6,DR01,7/1/2015,2015,182,7/1/15 8:03,7/1/15 11:20,3.536119251,46,18,6.51E-06,4.79E-06,6.36E-08,7.65E-08,6.51E-07,2.22E-05
27,DR01,7/2/2015,2015,183,7/2/15 17:21,7/2/15 17:14,5.141643486,28,29,6.60E-06,3.48E-06,3.23E-08,2.73E-08,3.91E-07,2.34E-05
5,DR01,7/3/2015,2015,184,7/3/15 12:47,7/3/15 12:27,3.511199381,35,18,5.01E-06,2.61E-06,2.00E-08,2.37E-08,1.60E-07,2.04E-05
7,DR01,7/3/2015,2015,184,7/3/15 12:51,7/3/15 12:27,3.273891163,35,18,7.05E-06,5.08E-06,3.56E-08,2.79E-08,1.60E-07,2.04E-05
3,DR01,7/4/2015,2015,185,7/4/15 1:04,7/4/15 1:05,3.704774883,35,24,7.54E-06,4.42E-06,2.17E-08,2.29E-08,1.49E-07,1.56E-05
6,DR01,7/4/2015,2015,185,7/4/15 1:16,7/4/15 1:19,6.557939901,35,24,3.18E-06,3.06E-06,1.71E-08,1.87E-08,1.49E-07,1.56E-05
12,DR01,7/4/2015,2015,185,7/4/15 2:07,7/4/15 1:21,4.006693842,35,24,3.42E-06,2.52E-06,2.72E-08,2.94E-08,1.49E-07,1.56E-05
30,DR01,7/9/2015,2015,190,7/9/15 15:17,7/9/15 14:50,3.577620113,56,24,4.11E-06,2.94E-06,9.87E-08,1.14E-07,5.84E-07,1.73E-05
43,DR01,7/9/2015,2015,190,7/9/15 17:56,7/9/15 17:53,6.363357662,56,24,6.38E-06,4.69E-06,1.03E-07,1.26E-07,5.84E-07,1.73E-05
2,DR01,7/10/2015,2015,191,7/10/15 0:07,7/10/15 1:12,4.96767908,53,25,7.36E-06,4.51E-06,3.71E-08,4.70E-08,2.72E-07,2.08E-05
11,DR01,7/10/2015,2015,191,7/10/15 1:05,7/10/15 1:12,4.144103531,53,25,4.60E-06,1.83E-06,5.60E-08,7.30E-08,2.72E-07,2.08E-05
3,DR01,7/12/2015,2015,193,7/12/15 15:52,7/12/15 15:36,3.414254092,3,21,4.86E-06,2.77E-06,3.19E-08,1.17E-07,3.45E-07,1.32E-05
3,DR01,7/13/2015,2015,194,7/13/15 2:57,7/13/15 1:27,3.073801767,54,22,3.70E-06,2.05E-06,2.51E-08,3.46E-08,2.14E-07,1.40E-05
31,DR01,7/13/2015,2015,194,7/13/15 13:07,7/13/15 12:43,4.79815271,54,22,5.94E-06,3.43E-06,3.89E-08,4.37E-08,2.14E-07,1.40E-05
43,DR01,7/13/2015,2015,194,7/13/15 13:36,7/13/15 12:43,3.74797113,54,22,4.62E-06,2.68E-06,4.19E-08,4.29E-08,2.14E-07,1.40E-05
46,DR01,7/13/2015,2015,194,7/13/15 13:40,7/13/15 12:43,3.610062408,54,22,6.09E-06,2.52E-06,3.56E-08,3.90E-08,2.14E-07,1.40E-05
4,DR01,7/14/2015,2015,195,7/14/15 23:27,7/14/15 23:53,3.577762424,24,17,1.04E-06,1.16E-06,4.88E-08,7.08E-08,3.75E-07,1.27E-05
9,DR01,7/14/2015,2015,195,7/14/15 23:32,7/14/15 23:53,3.356354046,24,17,4.23E-06,2.25E-06,4.71E-08,6.86E-08,3.75E-07,1.27E-05
12,DR01,7/14/2015,2015,195,7/14/15 23:41,7/14/15 23:53,3.135803878,24,17,5.44E-06,2.88E-06,4.73E-08,6.85E-08,3.75E-07,1.27E-05
6,DR01,7/15/2015,2015,196,7/15/15 2:39,7/15/15 2:33,3.619063555,31,23,3.19E-06,1.29E-06,4.15E-08,6.01E-08,4.63E-07,1.28E-05
11,DR01,7/15/2015,2015,196,7/15/15 3:05,7/15/15 3:08,4.291701884,31,23,3.19E-06,1.05E-06,5.03E-08,7.27E-08,4.63E-07,1.28E-05
30,DR01,7/15/2015,2015,196,7/15/15 4:11,7/15/15 3:08,3.474822896,31,23,3.82E-06,4.05E-06,3.77E-08,3.91E-08,4.63E-07,1.28E-05
4,DR01,7/17/2015,2015,198,7/17/15 0:25,7/17/15 9:16,16.74965537,24,25,4.09E-06,1.95E-06,1.93E-08,2.26E-08,3.21E-07,1.64E-05
9,DR01,7/17/2015,2015,198,7/17/15 7:27,7/17/15 9:16,3.273168021,24,25,3.62E-06,2.50E-06,1.29E-08,1.39E-08,3.21E-07,1.64E-05
8,DR01,7/18/2015,2015,199,7/18/15 13:09,7/18/15 5:08,3.621874726,10,19,3.06E-06,1.49E-06,1.97E-08,1.59E-08,4.80E-07,2.14E-05
3,DR01,7/19/2015,2015,200,7/19/15 9:22,7/19/15 9:23,37.22084214,5,15,8.50E-05,2.05E-05,2.15E-07,1.04E-07,4.93E-07,8.34E-05
6,DR01,7/20/2015,2015,201,7/20/15 15:00,7/20/15 14:41,6.972773125,11,22,6.87E-06,4.02E-06,1.36E-08,4.54E-08,2.72E-07,2.61E-05
17,DR01,7/22/2015,2015,203,7/22/15 13:34,7/22/15 13:23,5.511141846,44,20,4.60E-06,2.66E-06,1.14E-07,1.43E-07,9.55E-07,2.66E-05
23,DR01,7/22/2015,2015,203,7/22/15 13:52,7/22/15 14:07,5.313054582,44,20,1.31E-05,7.50E-06,1.19E-07,1.57E-07,9.55E-07,2.66E-05
16,DR01,7/23/2015,2015,204,7/23/15 21:43,7/23/15 16:46,3.024648192,19,19,7.97E-06,3.29E-06,4.62E-08,5.70E-08,9.56E-07,2.87E-05
6,DR01,7/26/2015,2015,207,7/26/15 5:19,7/26/15 21:12,3.87751739,41,21,6.01E-06,3.29E-06,5.63E-08,7.81E-08,3.44E-07,3.23E-05
10,DR01,7/26/2015,2015,207,7/26/15 5:28,7/26/15 21:12,3.076564271,41,21,8.75E-06,6.52E-06,4.84E-08,6.02E-08,3.44E-07,3.23E-05
25,DR01,7/26/2015,2015,207,7/26/15 6:41,7/26/15 21:12,3.956361239,41,21,5.70E-06,4.36E-06,3.47E-08,4.73E-08,3.44E-07,3.23E-05
1,DR01,7/27/2015,2015,208,7/27/15 2:36,7/27/15 2:36,3.974022195,30,29,1.65E-05,6.20E-06,3.40E-08,4.06E-08,7.27E-07,3.61E-05
6,DR01,7/31/2015,2015,212,7/31/15 12:41,7/31/15 12:26,3.383988346,21,26,5.21E-06,1.88E-06,4.41E-08,5.61E-08,8.33E-07,1.93E-05
5,DR01,8/1/2015,2015,213,8/1/15 3:43,8/1/15 21:06,3.624621883,47,23,7.70E-06,4.49E-06,1.15E-07,1.21E-07,3.04E-06,7.85E-05
25,DR01,8/1/2015,2015,213,8/1/15 4:39,8/1/15 21:06,4.114837586,47,23,4.56E-06,1.88E-06,2.03E-07,1.91E-07,3.04E-06,7.85E-05
27,DR01,8/1/2015,2015,213,8/1/15 4:41,8/1/15 21:06,4.640817466,47,23,1.00E-05,4.92E-06,1.40E-07,1.27E-07,3.04E-06,7.85E-05
7,DR01,8/2/2015,2015,214,8/2/15 10:28,8/2/15 5:25,3.038943602,27,30,1.24E-05,1.06E-05,3.77E-08,4.35E-08,1.12E-06,0.000102233
11,DR01,8/2/2015,2015,214,8/2/15 10:36,8/2/15 5:25,4.081320904,27,30,1.61E-05,4.22E-06,3.82E-08,3.69E-08,1.12E-06,0.000102233
6,DR01,8/5/2015,2015,217,8/5/15 10:13,8/5/15 9:35,3.26691099,28,27,6.04E-06,2.06E-06,8.09E-08,1.05E-07,7.30E-07,1.94E-05
25,DR01,8/5/2015,2015,217,8/5/15 17:57,8/5/15 18:00,3.2191958,28,27,4.60E-06,2.45E-06,6.91E-08,8.05E-08,7.30E-07,1.94E-05
4,DR01,8/7/2015,2015,219,8/7/15 15:31,8/7/15 15:44,3.262040918,5,23,6.42E-06,3.52E-06,3.08E-08,1.87E-08,2.67E-07,1.76E-05
10,DR01,8/8/2015,2015,220,8/8/15 4:59,8/8/15 5:29,3.977012203,40,25,4.72E-06,1.84E-06,2.71E-08,3.72E-08,1.66E-07,2.00E-05
21,DR01,8/8/2015,2015,220,8/8/15 9:54,8/8/15 9:44,5.950750861,40,25,6.05E-06,3.93E-06,2.90E-08,3.67E-08,1.66E-07,2.00E-05
16,DR01,8/10/2015,2015,222,8/10/15 3:23,8/10/15 3:19,4.75659087,35,24,7.25E-06,4.69E-06,1.17E-07,1.08E-07,1.47E-06,1.74E-05
19,DR01,8/10/2015,2015,222,8/10/15 3:26,8/10/15 3:19,3.749033951,35,24,3.53E-06,1.89E-06,6.07E-08,6.16E-08,1.47E-06,1.74E-05
5,DR01,8/11/2015,2015,223,8/11/15 8:57,8/11/15 9:47,3.683085213,19,20,6.87E-06,3.38E-06,2.10E-07,1.59E-07,1.36E-06,1.84E-05
9,DR01,8/11/2015,2015,223,8/11/15 9:09,8/11/15 9:47,3.841359393,19,20,7.56E-06,4.18E-06,6.27E-08,6.23E-08,1.36E-06,1.84E-05
7,DR01,8/12/2015,2015,224,8/12/15 3:53,8/12/15 4:13,3.368575656,24,25,4.96E-06,3.05E-06,3.97E-08,4.33E-08,7.88E-07,1.62E-05
19,DR01,8/13/2015,2015,225,8/13/15 13:39,8/13/15 13:14,4.786803845,19,24,1.72E-06,1.84E-06,2.03E-08,1.77E-08,6.84E-07,1.26E-05
41,DR01,8/14/2015,2015,226,8/14/15 13:28,8/14/15 13:35,3.39629493,47,20,2.51E-06,1.06E-06,4.98E-08,6.63E-08,2.60E-07,1.38E-05
42,DR01,8/14/2015,2015,226,8/14/15 13:31,8/14/15 13:35,3.61271203,47,20,2.22E-06,1.67E-06,4.75E-08,6.32E-08,2.60E-07,1.38E-05
2,DR01,8/15/2015,2015,227,8/15/15 10:04,8/15/15 10:06,6.090380461,42,24,3.62E-06,2.48E-06,7.54E-08,5.88E-08,1.40E-06,1.20E-05
19,DR01,8/15/2015,2015,227,8/15/15 16:31,8/15/15 16:21,3.403292727,42,24,3.06E-06,1.69E-06,9.92E-08,1.32E-07,1.40E-06,1.20E-05
25,DR01,8/15/2015,2015,227,8/15/15 17:09,8/15/15 16:51,3.755236433,42,24,2.56E-06,1.94E-06,1.05E-07,1.40E-07,1.40E-06,1.20E-05
44,DR01,8/20/2015,2015,232,8/20/15 12:17,8/20/15 12:39,10.37945422,54,24,3.12E-06,1.37E-06,1.65E-07,2.56E-07,1.19E-06,1.38E-05
19,DR01,8/21/2015,2015,233,8/21/15 3:42,8/21/15 5:26,3.275456294,44,24,4.41E-06,3.59E-06,1.04E-07,1.49E-07,8.69E-07,1.72E-05
26,DR01,8/21/2015,2015,233,8/21/15 4:06,8/21/15 5:26,3.567845731,44,24,3.69E-06,2.35E-06,1.25E-07,1.87E-07,8.69E-07,1.72E-05
3,DR01,8/22/2015,2015,234,8/22/15 2:23,8/22/15 1:48,3.234907828,30,27,3.66E-06,2.48E-06,6.02E-08,4.52E-08,8.52E-07,2.11E-05
29,DR01,8/22/2015,2015,234,8/22/15 7:44,8/22/15 7:48,6.927788322,30,27,6.23E-06,3.52E-06,3.19E-08,2.36E-08,8.52E-07,2.11E-05
9,DR01,8/23/2015,2015,235,8/23/15 17:51,8/23/15 16:54,3.168890872,9,22,3.31E-06,1.61E-06,5.12E-08,1.72E-07,9.04E-07,2.23E-05
7,DR01,8/25/2015,2015,237,8/25/15 13:48,8/25/15 14:20,4.057569681,47,19,2.49E-06,2.23E-06,5.45E-08,5.73E-08,1.23E-06,1.32E-05
30,DR01,8/25/2015,2015,237,8/25/15 16:09,8/25/15 16:04,4.534172074,47,19,2.57E-06,2.15E-06,9.79E-08,1.01E-07,1.23E-06,1.32E-05
33,DR01,8/25/2015,2015,237,8/25/15 16:17,8/25/15 16:04,4.895447809,47,19,2.88E-06,1.59E-06,7.83E-08,1.08E-07,1.23E-06,1.32E-05
35,DR01,8/25/2015,2015,237,8/25/15 16:24,8/25/15 16:04,4.086504333,47,19,3.92E-06,1.95E-06,8.30E-08,1.01E-07,1.23E-06,1.32E-05
40,DR01,8/25/2015,2015,237,8/25/15 16:40,8/25/15 16:04,3.069945273,47,19,4.90E-06,2.64E-06,7.43E-08,8.98E-08,1.23E-06,1.32E-05
3,DR01,8/26/2015,2015,238,8/26/15 3:33,8/26/15 4:03,3.172180169,27,19,4.70E-06,3.09E-06,2.04E-07,2.99E-07,1.47E-06,1.26E-05
24,DR01,8/26/2015,2015,238,8/26/15 11:33,8/26/15 14:12,4.729138924,27,19,3.26E-06,2.19E-06,1.54E-07,1.97E-07,1.47E-06,1.26E-05
11,DR01,8/27/2015,2015,239,8/27/15 0:22,8/27/15 20:03,3.229422795,27,20,5.62E-06,2.73E-06,2.75E-08,4.15E-08,1.95E-07,4.51E-05
11,DR01,8/29/2015,2015,241,8/29/15 9:32,8/29/15 9:26,4.639229619,16,27,1.12E-05,6.90E-06,9.89E-09,1.65E-08,3.08E-07,4.24E-05
14,DR01,8/29/2015,2015,241,8/29/15 14:19,8/29/15 14:33,3.778097018,16,27,1.52E-05,7.01E-06,1.64E-08,1.84E-08,3.08E-07,4.24E-05
16,DR01,8/30/2015,2015,242,8/30/15 10:58,8/30/15 11:00,3.16101476,24,25,4.05E-06,1.28E-06,2.42E-08,3.84E-08,3.53E-07,2.11E-05
18,DR01,8/30/2015,2015,242,8/30/15 13:16,8/30/15 12:18,3.767482096,24,25,5.12E-06,2.48E-06,4.07E-08,3.44E-08,3.53E-07,2.11E-05
39,DR01,8/31/2015,2015,243,8/31/15 23:49,8/31/15 22:21,3.069958843,44,21,4.28E-06,2.55E-06,5.15E-08,4.26E-08,6.62E-07,2.44E-05
17,DR01,9/1/2015,2015,244,9/1/15 5:06,9/1/15 5:00,3.785397495,37,23,6.18E-06,4.29E-06,2.63E-08,2.74E-08,4.96E-07,2.49E-05
33,DR01,9/1/2015,2015,244,9/1/15 11:38,9/1/15 11:02,4.186815172,37,23,1.13E-05,6.54E-06,2.79E-08,2.65E-08,4.96E-07,2.49E-05
1,DR01,9/2/2015,2015,245,9/2/15 1:26,9/2/15 4:17,3.424365332,49,24,3.13E-06,1.26E-06,2.73E-08,2.77E-08,4.33E-07,2.82E-05
8,DR01,9/2/2015,2015,245,9/2/15 5:11,9/2/15 5:23,4.8460336,49,24,9.55E-06,4.81E-06,1.92E-08,2.20E-08,4.33E-07,2.82E-05
34,DR01,9/2/2015,2015,245,9/2/15 18:08,9/2/15 18:22,3.426077699,49,24,8.21E-06,3.63E-06,2.87E-08,3.14E-08,4.33E-07,2.82E-05
11,DR01,9/3/2015,2015,246,9/3/15 20:03,9/3/15 19:55,5.14532714,32,27,4.78E-06,2.63E-06,2.69E-08,5.43E-08,2.35E-07,2.78E-05
16,DR01,9/3/2015,2015,246,9/3/15 20:14,9/3/15 19:55,3.176963123,32,27,1.34E-05,6.79E-06,3.07E-08,5.90E-08,2.35E-07,2.78E-05
4,DR01,9/4/2015,2015,247,9/4/15 14:27,9/4/15 14:23,3.785556153,44,24,6.63E-06,3.47E-06,4.81E-08,4.39E-08,1.18E-06,2.51E-05
24,DR01,9/4/2015,2015,247,9/4/15 15:54,9/4/15 15:55,3.33352246,44,24,1.13E-05,7.09E-06,7.42E-08,6.78E-08,1.18E-06,2.51E-05
1,DR01,9/5/2015,2015,248,9/5/15 6:46,9/5/15 6:46,5.909960887,1,19,5.33E-05,2.61E-05,6.63E-07,1.10E-06,3.82E-06,2.12E-05
21,DR01,9/7/2015,2015,250,9/7/15 12:19,9/7/15 11:16,3.213708469,50,22,5.53E-06,4.12E-06,5.75E-08,5.39E-08,2.09E-06,2.30E-05
38,DR01,9/7/2015,2015,250,9/7/15 16:42,9/7/15 15:50,4.457009895,50,22,3.28E-06,2.20E-06,7.81E-08,7.22E-08,2.09E-06,2.30E-05
4,DR01,9/8/2015,2015,251,9/8/15 1:03,9/8/15 0:31,4.042746768,55,24,8.87E-06,4.04E-06,4.06E-08,3.94E-08,1.73E-07,3.13E-05
11,DR01,9/8/2015,2015,251,9/8/15 10:05,9/8/15 8:47,3.560792248,55,24,4.95E-06,3.59E-06,9.15E-09,1.65E-08,1.73E-07,3.13E-05
2,DR01,9/10/2015,2015,253,9/10/15 16:10,9/10/15 16:22,3.054634169,34,24,1.14E-05,5.86E-06,7.32E-08,6.16E-08,2.02E-06,3.36E-05
12,DR01,9/10/2015,2015,253,9/10/15 16:23,9/10/15 16:22,3.497199105,34,24,1.27E-05,7.32E-06,3.39E-07,2.57E-07,2.02E-06,3.36E-05
4,DR01,9/11/2015,2015,254,9/11/15 0:13,9/11/15 2:22,3.207378783,48,29,8.07E-06,5.21E-06,3.65E-08,3.21E-08,2.29E-07,2.91E-05
23,DR01,9/11/2015,2015,254,9/11/15 1:35,9/11/15 2:22,3.026092294,48,29,8.06E-06,6.65E-06,3.60E-08,3.45E-08,2.29E-07,2.91E-05
4,DR01,9/12/2015,2015,255,9/12/15 11:36,9/12/15 13:19,4.072120062,32,24,4.60E-06,3.40E-06,4.64E-08,4.33E-08,5.25E-07,2.37E-05
16,DR01,9/13/2015,2015,256,9/13/15 4:02,9/13/15 15:52,4.769885904,42,23,1.14E-06,1.79E-06,4.88E-08,4.14E-08,6.00E-07,2.26E-05
4,DR01,9/14/2015,2015,257,9/14/15 18:07,9/14/15 16:26,3.843547166,36,24,7.08E-06,4.19E-06,1.36E-07,1.26E-07,2.02E-06,2.62E-05
18,DR01,9/15/2015,2015,258,9/15/15 6:00,9/15/15 11:56,3.527923166,29,24,4.65E-06,2.76E-06,1.16E-07,1.60E-07,1.06E-06,1.86E-05
28,DR01,9/15/2015,2015,258,9/15/15 13:13,9/15/15 13:20,3.922785819,29,24,5.54E-06,3.09E-06,1.27E-07,1.93E-07,1.06E-06,1.86E-05
9,DR01,9/17/2015,2015,260,9/17/15 16:25,9/17/15 0:44,3.436673974,32,26,2.94E-06,2.29E-06,6.90E-08,5.91E-08,1.11E-06,2.67E-05
10,DR01,9/17/2015,2015,260,9/17/15 16:26,9/17/15 0:44,6.272717723,32,26,3.87E-06,4.65E-06,6.97E-08,6.55E-08,1.11E-06,2.67E-05
19,DR01,9/19/2015,2015,262,9/19/15 7:19,9/19/15 10:53,5.192693791,24,22,3.58E-06,2.13E-06,4.71E-08,4.67E-08,1.07E-06,1.51E-05
20,DR01,9/19/2015,2015,262,9/19/15 7:22,9/19/15 10:53,3.692570466,24,22,3.11E-06,1.82E-06,3.05E-08,2.48E-08,1.07E-06,1.51E-05
35,DR01,9/20/2015,2015,263,9/20/15 8:17,9/20/15 8:53,3.44501497,43,27,4.99E-06,2.80E-06,1.18E-07,9.88E-08,1.47E-06,1.70E-05
1,DR01,9/21/2015,2015,264,9/21/15 8:50,9/21/15 8:51,5.076761798,26,19,5.65E-06,2.83E-06,1.79E-07,1.56E-07,1.34E-06,1.28E-05
13,DR01,9/21/2015,2015,264,9/21/15 11:24,9/21/15 10:51,4.697203243,26,19,2.45E-06,1.80E-06,1.93E-07,1.64E-07,1.34E-06,1.28E-05
23,DR01,9/21/2015,2015,264,9/21/15 11:35,9/21/15 12:13,3.692875602,26,19,2.65E-06,1.76E-06,6.39E-08,5.93E-08,1.34E-06,1.28E-05
36,DR01,9/22/2015,2015,265,9/22/15 22:49,9/22/15 23:51,3.295815315,46,18,1.25E-06,8.97E-07,2.90E-08,4.43E-08,2.56E-07,1.07E-05
37,DR01,9/22/2015,2015,265,9/22/15 22:53,9/22/15 23:51,3.038270418,46,18,2.63E-06,1.19E-06,3.37E-08,4.94E-08,2.56E-07,1.07E-05
38,DR01,9/22/2015,2015,265,9/22/15 23:01,9/22/15 23:51,3.788160342,46,18,2.28E-06,2.47E-06,2.46E-08,3.71E-08,2.56E-07,1.07E-05
45,DR01,9/22/2015,2015,265,9/22/15 23:55,9/22/15 23:51,3.230231138,46,18,3.22E-06,1.75E-06,2.61E-08,3.84E-08,2.56E-07,1.07E-05
21,DR01,9/23/2015,2015,266,9/23/15 5:47,9/23/15 4:41,3.512533927,48,21,2.88E-06,2.85E-06,2.72E-08,3.08E-08,2.21E-07,1.37E-05
27,DR01,9/23/2015,2015,266,9/23/15 6:36,9/23/15 4:41,4.189226478,48,21,2.11E-06,1.84E-06,2.54E-08,3.11E-08,2.21E-07,1.37E-05
2,DR01,9/24/2015,2015,267,9/24/15 8:50,9/24/15 8:50,3.917026478,37,23,1.05E-05,7.08E-06,3.58E-08,4.45E-08,3.08E-07,2.01E-05
14,DR01,9/24/2015,2015,267,9/24/15 15:14,9/24/15 14:33,3.148217137,37,23,4.01E-06,2.75E-06,3.54E-08,4.42E-08,3.08E-07,2.01E-05
22,DR01,9/24/2015,2015,267,9/24/15 17:08,9/24/15 17:13,4.937504957,37,23,8.04E-06,3.48E-06,3.24E-08,4.03E-08,3.08E-07,2.01E-05
25,DR01,9/24/2015,2015,267,9/24/15 17:39,9/24/15 17:26,5.814477591,37,23,5.63E-06,2.06E-06,3.49E-08,4.52E-08,3.08E-07,2.01E-05
10,DR01,9/30/2015,2015,273,9/30/15 1:23,9/30/15 7:52,3.239438195,26,30,1.10E-05,4.32E-06,3.97E-08,4.24E-08,4.15E-07,5.03E-05
12,DR01,9/30/2015,2015,273,9/30/15 1:25,9/30/15 7:52,3.182202059,26,30,9.21E-06,2.82E-06,6.37E-08,4.99E-08,4.15E-07,5.03E-05
21,DR01,10/1/2015,2015,274,10/1/15 4:02,10/1/15 15:24,3.160660503,26,26,9.18E-06,4.39E-06,1.28E-07,1.26E-07,1.33E-06,3.85E-05
3,DR01,10/2/2015,2015,275,10/2/15 6:57,10/2/15 7:25,3.654072598,12,30,7.71E-06,3.31E-06,1.74E-08,1.55E-08,6.60E-07,2.93E-05
1,DR01,10/3/2015,2015,276,10/3/15 19:27,10/3/15 19:37,3.341743086,1,28,7.95E-06,5.26E-06,3.09E-07,3.91E-07,1.67E-06,2.17E-05
13,DR01,10/5/2015,2015,278,10/5/15 13:42,10/5/15 9:19,3.79678121,41,22,7.25E-06,5.29E-06,3.61E-08,5.40E-08,3.41E-07,4.06E-05
20,DR01,10/7/2015,2015,280,10/7/15 3:35,10/7/15 0:31,4.293110527,26,22,2.35E-06,3.30E-06,3.55E-08,5.54E-08,4.54E-07,2.13E-05
1,DR01,10/8/2015,2015,281,10/8/15 8:36,10/8/15 8:50,8.297002958,21,20,5.37E-06,2.84E-06,3.68E-08,4.49E-08,5.15E-07,2.19E-05
9,DR01,10/11/2015,2015,284,10/11/15 7:13,10/11/15 7:34,3.436537584,38,29,1.14E-05,7.23E-06,5.79E-08,4.78E-08,6.21E-07,3.89E-05
28,DR01,10/11/2015,2015,284,10/11/15 8:47,10/11/15 8:40,4.422712345,38,29,7.99E-06,2.81E-06,5.87E-08,4.76E-08,6.21E-07,3.89E-05
12,DR01,10/13/2015,2015,286,10/13/15 6:46,10/13/15 7:17,3.093378046,27,19,2.75E-06,3.58E-06,7.31E-08,5.75E-08,7.18E-07,1.80E-05
13,DR01,10/13/2015,2015,286,10/13/15 6:48,10/13/15 7:17,3.058094389,27,19,8.11E-06,5.06E-06,9.62E-08,7.73E-08,7.18E-07,1.80E-05
15,DR01,10/13/2015,2015,286,10/13/15 10:26,10/13/15 9:10,4.568096152,27,19,5.87E-06,3.54E-06,3.09E-08,2.97E-08,7.18E-07,1.80E-05
14,DR01,10/15/2015,2015,288,10/15/15 13:50,10/15/15 14:34,5.05764871,19,22,5.92E-06,2.53E-06,3.46E-08,4.88E-08,3.50E-07,1.84E-05
18,DR01,10/17/2015,2015,290,10/17/15 23:39,10/17/15 14:34,4.576056101,19,23,4.36E-06,4.03E-06,2.97E-08,4.01E-08,2.47E-07,6.00E-05
13,DR01,10/18/2015,2015,291,10/18/15 11:56,10/18/15 13:10,5.096728065,21,25,9.23E-06,3.44E-06,2.02E-08,2.23E-08,5.73E-07,2.90E-05
6,DR01,10/19/2015,2015,292,10/19/15 9:16,10/19/15 10:15,7.411284544,24,19,9.90E-06,5.28E-06,5.67E-08,5.86E-08,8.25E-07,2.08E-05
12,DR01,10/20/2015,2015,293,10/20/15 1:40,10/20/15 3:12,3.096214505,37,25,5.84E-06,2.99E-06,3.04E-08,4.84E-08,2.40E-07,2.21E-05
16,DR01,10/20/2015,2015,293,10/20/15 1:50,10/20/15 3:12,4.112042425,37,25,4.36E-06,2.72E-06,3.06E-08,4.83E-08,2.40E-07,2.21E-05
4,DR01,10/25/2015,2015,298,10/25/15 22:42,10/25/15 22:42,5.73370125,4,20,1.53E-05,8.10E-06,3.25E-07,5.38E-07,1.87E-06,1.94E-05
23,DR01,10/26/2015,2015,299,10/26/15 6:31,10/26/15 7:07,5.753116959,23,22,5.02E-06,2.93E-06,2.42E-08,2.11E-08,4.75E-07,1.98E-05
3,DR01,10/27/2015,2015,300,10/27/15 6:57,10/27/15 7:22,7.827973,13,21,6.80E-06,3.14E-06,2.85E-08,4.37E-08,2.41E-07,1.78E-05
5,DR01,10/27/2015,2015,300,10/27/15 8:24,10/27/15 8:05,3.104948508,13,21,4.43E-06,3.50E-06,2.77E-08,3.78E-08,2.41E-07,1.78E-05
4,DR01,10/28/2015,2015,301,10/28/15 8:42,10/28/15 7:36,3.119963589,27,26,6.75E-06,4.09E-06,1.55E-08,1.38E-08,3.53E-07,2.12E-05
17,DR01,10/28/2015,2015,301,10/28/15 8:53,10/28/15 7:36,3.302600928,27,26,4.03E-06,2.64E-06,5.00E-08,3.64E-08,3.53E-07,2.12E-05
2,DR01,10/30/2015,2015,303,10/30/15 0:19,10/30/15 0:08,4.106248775,3,2,7.06E-06,4.03E-06,3.21E-07,5.69E-07,1.66E-05,2.18E-05
10,DR01,10/31/2015,2015,304,10/31/15 23:12,10/31/15 20:16,4.38221274,11,21,3.43E-06,3.65E-06,1.38E-08,2.57E-08,1.24E-07,2.07E-05
11,DR01,11/1/2015,2015,305,11/1/15 16:08,11/1/15 15:03,4.498990954,25,26,4.97E-06,1.76E-06,1.99E-08,3.97E-08,1.61E-07,2.01E-05
42,DR01,11/6/2015,2015,310,11/6/15 5:07,11/6/15 5:08,4.686520314,59,24,9.63E-06,4.40E-06,1.86E-08,3.55E-08,1.85E-07,2.05E-05
8,DR01,11/7/2015,2015,311,11/7/15 8:28,11/7/15 8:33,4.142306787,12,26,3.90E-06,1.84E-06,2.98E-08,2.54E-08,2.97E-07,1.63E-05
14,DR01,11/8/2015,2015,312,11/8/15 0:33,11/8/15 1:38,3.238055252,43,24,3.91E-06,2.64E-06,2.23E-08,4.32E-08,1.85E-07,1.36E-05
19,DR01,11/8/2015,2015,312,11/8/15 0:42,11/8/15 1:38,3.218232713,43,24,4.75E-06,3.39E-06,2.15E-08,3.73E-08,1.85E-07,1.36E-05
23,DR01,11/8/2015,2015,312,11/8/15 0:46,11/8/15 1:38,3.935336657,43,24,6.38E-06,2.57E-06,1.97E-08,3.86E-08,1.85E-07,1.36E-05
24,DR01,11/8/2015,2015,312,11/8/15 0:58,11/8/15 1:38,3.175921134,43,24,5.23E-06,3.24E-06,2.09E-08,4.30E-08,1.85E-07,1.36E-05
9,DR01,11/10/2015,2015,314,11/10/15 2:31,11/10/15 2:24,3.508895622,22,24,4.63E-06,2.30E-06,1.35E-08,2.77E-08,1.39E-07,1.37E-05
4,DR01,11/11/2015,2015,315,11/11/15 0:06,11/11/15 3:38,4.375913581,12,23,3.63E-06,3.10E-06,9.17E-09,1.38E-08,1.25E-07,1.62E-05
10,DR01,11/13/2015,2015,317,11/13/15 4:14,11/13/15 4:24,4.696150782,13,20,4.60E-06,2.69E-06,7.96E-09,1.41E-08,1.19E-07,1.65E-05
2,DR01,11/14/2015,2015,318,11/14/15 8:05,11/14/15 8:52,4.645181463,41,24,4.72E-06,2.10E-06,1.04E-08,2.20E-08,1.51E-07,1.87E-05
16,DR01,11/16/2015,2015,320,11/16/15 14:46,11/16/15 10:33,4.545351919,41,25,4.00E-06,2.77E-06,1.91E-08,3.91E-08,1.82E-07,1.48E-05
4,DR01,11/20/2015,2015,324,11/20/15 6:45,11/20/15 6:50,3.666986731,5,21,8.77E-06,5.80E-06,5.53E-08,7.64E-08,4.14E-07,2.16E-05
11,DR01,11/25/2015,2015,329,11/25/15 8:47,11/25/15 9:03,4.428663927,13,26,8.10E-06,3.14E-06,6.08E-09,1.11E-08,1.55E-07,1.91E-05
9,DR01,12/1/2015,2015,335,12/1/15 2:59,12/1/15 2:47,3.405566811,19,21,5.73E-06,4.06E-06,2.37E-08,4.27E-08,2.23E-07,1.08E-05
12,DR01,12/1/2015,2015,335,12/1/15 3:17,12/1/15 2:47,4.541300285,19,21,3.73E-06,1.72E-06,2.94E-08,4.77E-08,2.23E-07,1.08E-05
18,DR01,12/1/2015,2015,335,12/1/15 6:25,12/1/15 7:36,3.287326853,19,21,2.54E-06,1.28E-06,2.53E-08,4.47E-08,2.23E-07,1.08E-05
33,DR01,12/3/2015,2015,337,12/3/15 23:28,12/3/15 12:39,8.367250603,39,29,1.58E-05,6.71E-06,2.67E-08,4.54E-08,2.04E-07,0.000501372
10,DR01,12/4/2015,2015,338,12/4/15 21:54,12/4/15 22:49,3.035909701,10,10,2.44E-06,1.93E-06,2.46E-08,3.87E-08,2.45E-07,9.67E-05
7,DR01,12/9/2015,2015,343,12/9/15 23:34,12/9/15 20:56,3.68419045,11,19,5.17E-06,4.00E-06,1.10E-08,1.70E-08,1.53E-07,1.34E-05
5,DR01,12/10/2015,2015,344,12/10/15 13:00,12/10/15 13:57,4.508563514,13,21,2.67E-06,2.19E-06,9.06E-08,1.16E-07,9.55E-07,1.18E-05
6,DR01,12/10/2015,2015,344,12/10/15 13:02,12/10/15 13:57,3.596948494,13,21,6.69E-06,3.83E-06,8.48E-08,1.13E-07,9.55E-07,1.18E-05
5,DR01,12/11/2015,2015,345,12/11/15 20:55,12/11/15 20:57,3.213649027,20,21,6.28E-06,4.50E-06,4.06E-08,5.40E-08,6.80E-07,2.59E-05
10,DR01,12/11/2015,2015,345,12/11/15 21:34,12/11/15 21:34,4.592124212,20,21,9.67E-06,4.56E-06,7.57E-08,9.20E-08,6.80E-07,2.59E-05
14,DR01,12/11/2015,2015,345,12/11/15 22:00,12/11/15 22:04,3.449550903,20,21,1.02E-05,5.91E-06,6.65E-08,8.20E-08,6.80E-07,2.59E-05
15,DR01,12/12/2015,2015,346,12/12/15 11:29,12/12/15 17:35,3.020960334,16,22,7.69E-06,5.00E-06,3.54E-08,4.97E-08,6.96E-07,4.88E-05
1,DR01,12/15/2015,2015,349,12/15/15 3:37,12/15/15 4:06,4.083405204,5,30,5.50E-06,2.36E-06,1.31E-07,1.24E-07,5.93E-07,1.56E-05
6,DR01,12/17/2015,2015,351,12/17/15 0:56,12/17/15 1:22,4.131352273,20,18,2.34E-06,1.08E-06,5.22E-08,7.05E-08,5.07E-07,1.49E-05
17,DR01,12/17/2015,2015,351,12/17/15 3:00,12/17/15 2:07,3.082626992,20,18,5.95E-06,3.50E-06,5.19E-08,7.01E-08,5.07E-07,1.49E-05
1,DR01,12/24/2015,2015,358,12/24/15 0:23,12/24/15 0:23,4.570146111,10,23,0.000158419,3.16E-05,7.32E-08,1.21E-07,9.11E-07,0.000280256
5,DR01,12/28/2015,2015,362,12/28/15 4:45,12/28/15 13:34,3.501137846,15,34,7.26E-05,2.42E-05,5.42E-08,9.93E-08,1.07E-06,0.000303092
11,DR01,1/1/2016,2016,1,1/1/16 17:59,1/1/16 18:06,3.678700542,12,43,3.31E-05,1.25E-05,3.61E-08,8.05E-08,5.54E-07,0.000107928
34,DR01,1/9/2016,2016,9,1/9/16 23:44,1/9/16 17:02,3.325136134,50,36,4.05E-05,1.36E-05,4.19E-08,6.23E-08,2.46E-07,0.000134159
1,DR01,2/4/2016,2016,35,2/4/16 17:19,2/4/16 17:19,3.406058432,1,43,0.000192057,9.54E-05,1.34E-06,1.90E-06,8.12E-06,0.000237912
2,DR01,2/10/2016,2016,41,2/10/16 10:57,2/10/16 10:16,3.640722785,2,34,7.34E-05,2.37E-05,6.37E-07,8.33E-07,3.37E-06,0.000251636
6,DR01,2/11/2016,2016,42,2/11/16 19:18,2/11/16 19:18,3.7126425,6,34,0.000254653,0.000105086,1.69E-06,1.58E-06,7.84E-06,0.000329143
7,DR01,2/12/2016,2016,43,2/12/16 9:41,2/12/16 9:34,3.060503687,14,46,0.000100214,3.81E-05,3.38E-07,4.60E-07,6.14E-06,0.000297706
13,DR01,2/16/2016,2016,47,2/16/16 16:22,2/16/16 13:20,3.758508102,14,34,9.04E-05,3.34E-05,2.43E-07,3.68E-07,4.32E-06,0.000297954
2,DR01,3/3/2016,2016,63,3/3/16 8:00,3/3/16 8:07,3.383059996,2,40,0.000111369,5.75E-05,5.21E-07,5.66E-07,2.09E-06,0.000365077
8,DR01,3/14/2016,2016,74,3/14/16 19:15,3/14/16 19:43,5.646742135,11,31,3.60E-05,1.57E-05,2.93E-08,6.19E-08,3.65E-07,0.000109129
22,DR01,3/16/2016,2016,76,3/16/16 2:06,3/16/16 2:04,3.489150419,49,25,3.32E-05,1.29E-05,6.33E-08,1.03E-07,5.35E-07,0.000116359
47,DR01,3/16/2016,2016,76,3/16/16 5:05,3/16/16 4:31,3.542119346,49,25,3.28E-05,1.41E-05,5.70E-08,1.03E-07,5.35E-07,0.000116359
8,DR01,3/18/2016,2016,78,3/18/16 4:04,3/18/16 3:57,3.037158137,14,32,2.52E-05,8.70E-06,2.46E-08,4.68E-08,3.65E-07,7.28E-05
2,DR01,3/21/2016,2016,81,3/21/16 3:44,3/21/16 3:45,4.565458163,2,38,4.35E-05,2.18E-05,5.29E-07,6.72E-07,3.25E-06,5.79E-05
6,DR01,3/22/2016,2016,82,3/22/16 16:38,3/22/16 14:19,3.410025178,8,31,7.16E-05,2.33E-05,1.16E-08,1.50E-08,1.63E-07,0.000208071
8,DR01,3/25/2016,2016,85,3/25/16 0:25,3/25/16 0:50,3.338418995,43,28,5.57E-05,1.98E-05,7.01E-08,9.36E-08,3.96E-07,0.000118919
8,DR01,3/28/2016,2016,88,3/28/16 13:32,3/28/16 20:30,3.56858342,15,25,1.31E-05,4.36E-06,1.29E-08,2.07E-08,4.21E-07,0.00017877
4,DR01,3/31/2016,2016,91,3/31/16 11:35,3/31/16 8:50,5.437219006,5,34,1.17E-05,6.16E-06,2.45E-08,3.66E-08,2.72E-07,5.09E-05
2,DR01,4/2/2016,2016,93,4/2/16 10:32,4/2/16 10:33,3.806281061,2,29,5.93E-05,3.18E-05,1.16E-06,1.34E-06,6.07E-06,5.11E-05
30,DR01,4/3/2016,2016,94,4/3/16 8:32,4/3/16 8:34,3.410472498,64,28,1.87E-05,1.00E-05,9.97E-09,2.04E-08,9.23E-08,4.22E-05
3,DR01,4/6/2016,2016,97,4/6/16 18:23,4/6/16 18:23,5.552550653,5,26,2.29E-05,4.94E-06,8.05E-08,8.21E-08,5.20E-07,3.14E-05
10,DR01,4/9/2016,2016,100,4/9/16 18:40,4/9/16 11:13,3.190625812,24,28,7.72E-06,4.36E-06,5.35E-08,7.81E-08,3.42E-07,4.51E-05
52,DR01,4/11/2016,2016,102,4/11/16 10:09,4/11/16 10:09,3.395871741,56,25,1.26E-05,5.64E-06,5.17E-08,6.76E-08,3.88E-07,2.72E-05
25,DR01,4/17/2016,2016,108,4/17/16 5:11,4/17/16 0:57,3.214329226,40,14,4.42E-06,3.83E-06,3.69E-08,5.71E-08,3.24E-07,8.92E-05
13,DR01,4/18/2016,2016,109,4/18/16 14:23,4/18/16 14:18,3.904234704,24,23,9.45E-06,5.17E-06,2.39E-08,4.67E-08,3.25E-07,4.17E-05
15,DR01,4/18/2016,2016,109,4/18/16 15:27,4/18/16 15:38,3.772812541,24,23,6.05E-06,4.49E-06,2.80E-08,5.39E-08,3.25E-07,4.17E-05
8,DR01,4/19/2016,2016,110,4/19/16 9:59,4/19/16 6:42,3.168804027,15,25,8.01E-06,4.49E-06,8.80E-08,1.17E-07,8.19E-07,3.73E-05
2,DR01,4/22/2016,2016,113,4/22/16 8:13,4/22/16 8:53,3.329921354,9,28,6.51E-06,3.47E-06,3.83E-08,4.60E-08,2.75E-07,2.48E-05
1,DR01,4/27/2016,2016,118,4/27/16 3:31,4/27/16 6:08,3.696440025,8,21,1.22E-05,6.63E-06,1.26E-08,2.23E-08,1.63E-07,3.55E-05
6,DR01,4/27/2016,2016,118,4/27/16 12:52,4/27/16 12:43,3.112563398,8,21,9.14E-06,3.08E-06,7.60E-09,8.14E-09,1.63E-07,3.55E-05
1,DR01,5/2/2016,2016,123,5/2/16 3:22,5/2/16 10:00,6.325068212,2,11,5.11E-05,2.38E-05,7.08E-07,9.04E-07,5.15E-06,0.000132514
2,DR01,5/2/2016,2016,123,5/2/16 10:00,5/2/16 10:00,13.79453906,2,11,0.000109254,2.55E-05,7.10E-07,9.19E-07,5.15E-06,0.000132514
2,DR01,5/3/2016,2016,124,5/3/16 10:35,5/3/16 11:56,3.058828404,8,26,9.61E-06,5.17E-06,9.14E-08,2.91E-07,7.19E-07,2.67E-05
7,DR01,5/4/2016,2016,125,5/4/16 0:26,5/4/16 15:50,3.062373286,20,27,7.08E-06,4.76E-06,3.77E-08,5.15E-08,2.29E-07,5.87E-05
22,DR01,5/5/2016,2016,126,5/5/16 14:22,5/5/16 6:55,4.433833203,29,33,1.50E-05,5.35E-06,4.52E-08,5.39E-08,2.87E-07,6.22E-05
2,DR01,5/6/2016,2016,127,5/6/16 19:09,5/6/16 14:02,6.648157821,7,31,2.46E-05,6.48E-06,2.36E-07,1.62E-07,8.11E-07,6.92E-05
18,DR01,5/7/2016,2016,128,5/7/16 12:40,5/7/16 12:22,4.330729488,59,32,1.07E-05,5.06E-06,7.58E-08,8.63E-08,3.96E-07,3.57E-05
24,DR01,5/7/2016,2016,128,5/7/16 13:09,5/7/16 13:30,3.35401924,59,32,7.96E-06,4.66E-06,6.06E-08,7.26E-08,3.96E-07,3.57E-05
32,DR01,5/7/2016,2016,128,5/7/16 13:41,5/7/16 13:34,3.026078392,59,32,5.34E-06,4.82E-06,7.88E-08,9.19E-08,3.96E-07,3.57E-05
1,DR01,5/8/2016,2016,129,5/8/16 17:14,5/8/16 17:14,6.036007499,1,27,5.97E-05,1.62E-05,4.81E-07,3.04E-07,1.44E-06,5.32E-05
7,DR01,5/9/2016,2016,130,5/9/16 20:00,5/9/16 22:15,10.4064254,12,31,6.77E-06,3.99E-06,2.90E-08,2.59E-08,2.17E-07,1.78E-05
8,DR01,5/10/2016,2016,131,5/10/16 0:32,5/10/16 3:33,3.389826112,21,26,7.36E-06,3.14E-06,1.57E-08,2.41E-08,1.65E-07,1.62E-05
9,DR01,5/10/2016,2016,131,5/10/16 0:34,5/10/16 3:33,4.26505058,21,26,2.52E-06,1.50E-06,1.68E-08,2.59E-08,1.65E-07,1.62E-05
7,DR01,5/14/2016,2016,135,5/14/16 18:59,5/14/16 18:44,4.236995473,17,25,2.02E-06,1.40E-06,3.94E-08,5.00E-08,3.21E-07,2.19E-05
7,DR01,5/15/2016,2016,136,5/15/16 22:56,5/15/16 13:48,3.528512623,8,26,7.25E-06,3.26E-06,1.64E-08,2.28E-08,2.24E-07,2.19E-05
26,DR01,5/16/2016,2016,137,5/16/16 9:25,5/16/16 10:09,3.475277638,43,25,1.95E-06,1.81E-06,1.94E-08,2.99E-08,2.42E-07,1.69E-05
12,DR01,5/17/2016,2016,138,5/17/16 22:17,5/17/16 22:13,5.464340085,44,25,4.66E-06,2.06E-06,3.75E-08,5.33E-08,3.11E-07,1.68E-05
27,DR01,5/18/2016,2016,139,5/18/16 4:14,5/18/16 5:46,3.160650338,50,25,4.40E-06,2.99E-06,5.58E-08,6.38E-08,3.09E-07,2.01E-05
37,DR01,5/18/2016,2016,139,5/18/16 5:30,5/18/16 5:46,4.358587103,50,25,1.10E-05,4.97E-06,5.66E-08,6.99E-08,3.09E-07,2.01E-05
8,DR01,5/19/2016,2016,140,5/19/16 11:48,5/19/16 13:11,3.023328859,45,26,2.96E-06,2.51E-06,5.96E-08,7.54E-08,3.65E-07,1.95E-05
17,DR01,5/19/2016,2016,140,5/19/16 12:19,5/19/16 13:11,5.108347524,45,26,8.07E-06,4.60E-06,6.70E-08,8.33E-08,3.65E-07,1.95E-05
26,DR01,5/19/2016,2016,140,5/19/16 13:17,5/19/16 13:11,3.276896533,45,26,6.89E-06,2.48E-06,5.70E-08,7.35E-08,3.65E-07,1.95E-05
32,DR01,5/19/2016,2016,140,5/19/16 14:37,5/19/16 14:13,3.068124081,45,26,6.11E-06,2.70E-06,5.87E-08,6.97E-08,3.65E-07,1.95E-05
4,DR01,5/20/2016,2016,141,5/20/16 10:08,5/20/16 9:38,3.494840739,7,27,3.81E-06,1.73E-06,1.18E-08,2.30E-08,1.80E-07,1.95E-05
25,DR01,5/21/2016,2016,142,5/21/16 22:16,5/21/16 22:22,4.517768968,38,24,4.92E-06,2.41E-06,4.30E-08,4.29E-08,2.73E-07,1.82E-05
1,DR01,5/22/2016,2016,143,5/22/16 0:52,5/22/16 15:32,3.0965587,19,23,8.00E-06,4.96E-06,6.54E-08,6.19E-08,3.45E-07,2.61E-05
17,DR01,5/25/2016,2016,146,5/25/16 21:38,5/25/16 21:40,4.055243595,18,24,1.08E-05,6.34E-06,8.18E-09,1.85E-08,2.55E-07,2.87E-05
6,DR01,5/27/2016,2016,148,5/27/16 11:55,5/27/16 11:42,3.333920424,7,28,4.16E-06,2.52E-06,1.41E-08,2.30E-08,6.69E-07,1.94E-05
8,DR01,5/30/2016,2016,151,5/30/16 17:43,5/30/16 16:04,7.227119036,9,23,2.94E-06,1.84E-06,8.84E-09,1.32E-08,1.23E-07,1.58E-05
1,DR01,6/1/2016,2016,153,6/1/16 4:59,6/1/16 5:09,5.393189655,6,23,4.26E-06,2.10E-06,2.13E-08,4.03E-08,2.22E-07,1.98E-05
2,DR01,6/1/2016,2016,153,6/1/16 5:48,6/1/16 6:08,3.193228039,6,23,7.57E-06,3.51E-06,9.40E-09,1.72E-08,2.22E-07,1.98E-05
10,DR01,6/2/2016,2016,154,6/2/16 22:34,6/2/16 22:44,3.292246816,10,27,7.79E-06,4.14E-06,2.09E-08,3.52E-08,3.32E-07,2.04E-05
11,DR01,6/8/2016,2016,160,6/8/16 20:16,6/8/16 19:56,3.324375402,11,26,7.29E-06,3.24E-06,1.95E-08,1.73E-08,1.94E-07,2.46E-05
2,DR01,6/12/2016,2016,164,6/12/16 20:34,6/12/16 19:47,3.53664171,5,24,3.32E-06,2.38E-06,2.17E-08,3.30E-08,4.05E-07,1.83E-05
2,DR01,6/13/2016,2016,165,6/13/16 3:26,6/13/16 5:28,3.073493355,13,22,2.01E-06,1.35E-06,2.43E-08,3.46E-08,3.23E-07,1.65E-05
1,DR01,6/14/2016,2016,166,6/14/16 0:18,6/14/16 17:22,5.444633286,6,27,6.11E-06,3.85E-06,2.28E-08,2.99E-08,2.85E-07,4.48E-05
10,DR01,6/17/2016,2016,169,6/17/16 23:22,6/17/16 11:41,3.413652753,13,25,1.13E-05,6.11E-06,2.16E-08,7.19E-08,3.81E-07,6.73E-05
4,DR01,6/18/2016,2016,170,6/18/16 1:07,6/18/16 3:26,3.712231284,7,27,8.86E-06,5.49E-06,2.61E-08,8.64E-08,4.62E-07,4.00E-05
2,DR01,6/20/2016,2016,172,6/20/16 4:51,6/20/16 4:57,3.746401587,10,21,8.79E-06,3.14E-06,1.42E-08,3.68E-08,1.65E-07,2.35E-05
9,DR01,6/25/2016,2016,177,6/25/16 14:56,6/25/16 14:39,3.547927272,30,18,5.04E-06,3.66E-06,1.73E-08,2.18E-08,2.41E-07,1.49E-05
3,DR01,6/27/2016,2016,179,6/27/16 9:08,6/27/16 9:28,3.049278093,35,16,4.20E-06,1.80E-06,1.35E-08,1.84E-08,2.57E-07,1.95E-05
8,DR01,6/27/2016,2016,179,6/27/16 12:53,6/27/16 12:56,3.140447624,35,16,3.23E-06,1.55E-06,2.22E-08,2.75E-08,2.57E-07,1.95E-05
32,DR01,6/27/2016,2016,179,6/27/16 23:32,6/27/16 23:07,6.375761759,35,16,4.92E-06,4.55E-06,2.19E-08,2.58E-08,2.57E-07,1.95E-05
10,DR01,7/1/2016,2016,183,7/1/16 8:21,7/1/16 8:36,5.179315167,20,19,4.02E-06,2.94E-06,2.47E-08,7.03E-08,3.46E-07,1.68E-05
15,DR01,7/1/2016,2016,183,7/1/16 8:44,7/1/16 8:36,3.240600977,20,19,3.34E-06,3.97E-06,3.11E-08,8.75E-08,3.46E-07,1.68E-05
15,DR01,7/2/2016,2016,184,7/2/16 20:46,7/2/16 18:57,3.227498088,18,23,2.54E-06,1.49E-06,1.28E-08,1.89E-08,2.64E-07,1.46E-05
22,DR01,7/3/2016,2016,185,7/3/16 9:39,7/3/16 9:40,20.96749029,32,23,1.26E-05,3.39E-06,1.60E-07,9.14E-08,9.69E-07,1.32E-05
23,DR01,7/3/2016,2016,185,7/3/16 9:43,7/3/16 9:40,3.051852782,32,23,3.19E-06,2.76E-06,4.16E-08,3.35E-08,9.69E-07,1.32E-05
3,DR01,7/4/2016,2016,186,7/4/16 23:31,7/4/16 23:31,14.38622225,3,20,3.11E-05,4.91E-06,2.43E-07,1.10E-07,5.46E-07,1.51E-05
1,DR01,7/5/2016,2016,187,7/5/16 19:56,7/5/16 19:56,13.22020204,2,11,0.000184371,7.53E-05,1.13E-06,1.03E-06,4.33E-06,8.42E-05
2,DR01,7/6/2016,2016,188,7/6/16 1:12,7/6/16 1:13,4.487991495,23,11,3.39E-05,9.68E-06,1.04E-07,8.02E-08,3.46E-07,3.80E-05
23,DR01,7/6/2016,2016,188,7/6/16 23:47,7/6/16 1:53,4.835561783,23,11,2.96E-06,1.74E-06,1.63E-08,2.14E-08,3.46E-07,3.80E-05
9,DR01,7/7/2016,2016,189,7/7/16 6:14,7/7/16 7:17,4.476936388,14,19,2.96E-06,2.78E-06,1.57E-08,4.09E-08,2.17E-07,2.08E-05
7,DR01,7/8/2016,2016,190,7/8/16 11:00,7/8/16 10:35,3.708444185,16,24,1.10E-05,7.60E-06,2.18E-08,3.45E-08,3.14E-07,3.15E-05
1,DR01,7/11/2016,2016,193,7/11/16 6:48,7/11/16 6:48,6.021081532,1,19,2.14E-05,1.02E-05,3.63E-07,4.04E-07,1.72E-06,1.68E-05
2,DR01,7/15/2016,2016,197,7/15/16 4:29,7/15/16 5:24,6.172751328,8,23,4.13E-06,2.02E-06,9.84E-09,5.58E-08,2.34E-07,1.62E-05
6,DR01,7/18/2016,2016,200,7/18/16 9:26,7/18/16 9:31,3.036262052,16,27,5.17E-06,1.90E-06,3.60E-08,9.97E-08,3.66E-07,1.83E-05
1,DR01,7/19/2016,2016,201,7/19/16 0:15,7/19/16 4:05,3.577664592,9,23,3.69E-06,1.54E-06,1.33E-08,9.38E-09,7.29E-08,1.53E-05
9,DR01,7/19/2016,2016,201,7/19/16 22:54,7/19/16 23:17,3.950666221,9,23,2.37E-06,1.72E-06,1.01E-08,1.17E-08,7.29E-08,1.53E-05
10,DR01,7/22/2016,2016,204,7/22/16 10:45,7/22/16 10:26,3.081958816,15,25,4.39E-06,2.13E-06,6.21E-08,7.16E-08,6.16E-07,1.89E-05
5,DR01,7/23/2016,2016,205,7/23/16 3:31,7/23/16 3:27,3.940262331,17,27,3.96E-06,2.69E-06,6.26E-09,6.70E-09,1.25E-07,1.67E-05
2,DR01,7/24/2016,2016,206,7/24/16 1:52,7/24/16 1:49,3.319585627,22,25,4.15E-06,3.20E-06,6.83E-09,1.39E-08,6.82E-08,1.39E-05
2,DR01,7/27/2016,2016,209,7/27/16 3:41,7/27/16 10:55,10.28265488,14,24,4.36E-06,4.67E-06,1.72E-08,1.22E-08,2.33E-07,2.43E-05
4,DR01,7/27/2016,2016,209,7/27/16 3:45,7/27/16 10:55,4.770593516,14,24,5.80E-06,3.89E-06,1.91E-08,1.56E-08,2.33E-07,2.43E-05
6,DR01,7/27/2016,2016,209,7/27/16 10:19,7/27/16 10:55,3.713442605,14,24,4.20E-06,2.68E-06,1.75E-08,2.60E-08,2.33E-07,2.43E-05
7,DR01,7/27/2016,2016,209,7/27/16 10:20,7/27/16 10:55,4.293770982,14,24,5.54E-06,3.99E-06,1.65E-08,2.43E-08,2.33E-07,2.43E-05
9,DR01,7/27/2016,2016,209,7/27/16 15:03,7/27/16 16:21,6.085639005,14,24,4.47E-06,4.20E-06,8.60E-09,1.11E-08,2.33E-07,2.43E-05
23,DR01,7/30/2016,2016,212,7/30/16 13:28,7/30/16 12:47,3.203592865,30,31,5.61E-06,3.07E-06,3.49E-08,3.78E-08,5.74E-07,1.84E-05
13,DR01,7/31/2016,2016,213,7/31/16 18:42,7/31/16 19:29,3.006935842,28,24,3.43E-06,2.75E-06,2.34E-08,1.63E-08,2.87E-07,1.80E-05
3,DR01,8/1/2016,2016,214,8/1/16 11:36,8/1/16 10:46,3.221734441,12,18,8.74E-06,4.08E-06,8.18E-08,2.62E-07,8.37E-07,1.99E-05
1,DR01,8/2/2016,2016,215,8/2/16 3:15,8/2/16 3:04,3.933533688,27,22,4.49E-06,2.56E-06,2.40E-08,2.66E-08,7.33E-07,1.98E-05
13,DR01,8/2/2016,2016,215,8/2/16 5:27,8/2/16 3:30,6.043483712,27,22,3.69E-06,2.86E-06,2.34E-08,2.25E-08,7.33E-07,1.98E-05
18,DR01,8/3/2016,2016,216,8/3/16 1:12,8/3/16 0:39,3.307053179,40,24,2.12E-06,1.39E-06,4.77E-08,5.67E-08,2.17E-07,1.84E-05
4,DR01,8/5/2016,2016,218,8/5/16 11:46,8/5/16 11:55,3.993970358,9,23,7.34E-06,3.78E-06,1.13E-08,2.42E-08,1.20E-07,1.79E-05
1,DR01,8/6/2016,2016,219,8/6/16 15:32,8/6/16 15:32,6.209520749,4,17,1.46E-05,4.07E-06,1.55E-07,6.18E-08,3.61E-07,2.23E-05
1,DR01,8/7/2016,2016,220,8/7/16 7:33,8/7/16 7:33,7.57038531,1,12,9.62E-05,3.06E-05,8.34E-07,8.37E-07,3.40E-06,7.01E-05
13,DR01,8/8/2016,2016,221,8/8/16 6:59,8/8/16 7:14,3.355500969,20,20,5.69E-06,3.35E-06,1.42E-08,1.53E-08,3.05E-07,1.51E-05
7,DR01,8/12/2016,2016,225,8/12/16 21:09,8/12/16 2:12,4.097965295,29,16,3.94E-06,8.78E-07,6.24E-08,6.06E-08,1.65E-06,4.87E-05
5,DR01,8/16/2016,2016,229,8/16/16 20:09,8/16/16 20:22,5.704277775,5,21,2.71E-06,1.67E-06,7.52E-08,5.63E-08,2.26E-07,1.49E-05
14,DR01,8/17/2016,2016,230,8/17/16 22:59,8/17/16 9:59,3.608676348,36,19,5.51E-06,2.55E-06,6.03E-08,1.20E-07,4.29E-07,1.39E-05
24,DR01,8/17/2016,2016,230,8/17/16 23:29,8/17/16 9:59,3.484519069,36,19,3.58E-06,3.39E-06,5.80E-08,1.01E-07,4.29E-07,1.39E-05
29,DR01,8/17/2016,2016,230,8/17/16 23:43,8/17/16 9:59,3.235812799,36,19,5.87E-06,3.57E-06,6.50E-08,1.17E-07,4.29E-07,1.39E-05
30,DR01,8/17/2016,2016,230,8/17/16 23:45,8/17/16 9:59,4.033355283,36,19,4.97E-06,2.69E-06,6.42E-08,1.14E-07,4.29E-07,1.39E-05
1,DR01,8/21/2016,2016,234,8/21/16 7:45,8/21/16 6:01,3.151847969,6,21,4.19E-06,2.12E-06,1.80E-08,2.75E-08,2.45E-07,1.41E-05
4,DR01,8/21/2016,2016,234,8/21/16 10:11,8/21/16 9:49,3.188265532,6,21,3.97E-06,2.06E-06,3.49E-08,3.68E-08,2.45E-07,1.41E-05
6,DR01,8/26/2016,2016,239,8/26/16 12:41,8/26/16 11:39,5.372314754,9,21,3.00E-06,1.89E-06,1.17E-08,1.36E-08,2.66E-07,1.38E-05
7,DR01,8/28/2016,2016,241,8/28/16 1:28,8/28/16 1:50,6.478013242,23,22,1.84E-06,1.44E-06,4.86E-08,8.47E-08,3.64E-07,1.13E-05
22,DR01,8/28/2016,2016,241,8/28/16 6:28,8/28/16 6:03,3.063055133,23,22,3.18E-06,2.44E-06,4.24E-08,7.13E-08,3.64E-07,1.13E-05
9,DR01,8/30/2016,2016,243,8/30/16 16:34,8/30/16 16:54,3.202120996,9,26,1.16E-05,5.13E-06,1.14E-08,3.39E-08,1.61E-07,3.53E-05
5,DR01,8/31/2016,2016,244,8/31/16 17:23,8/31/16 13:27,4.264692543,5,27,7.90E-06,4.50E-06,9.29E-09,1.31E-08,1.11E-07,2.24E-05
11,DR01,9/4/2016,2016,248,9/4/16 9:32,9/4/16 9:45,3.540508055,21,21,4.51E-06,2.52E-06,1.30E-08,1.22E-08,2.10E-07,1.22E-05
34,DR01,9/8/2016,2016,252,9/8/16 14:49,9/8/16 15:46,3.46801712,39,26,3.98E-06,1.92E-06,1.03E-07,7.86E-08,1.16E-06,1.76E-05
24,DR01,9/9/2016,2016,253,9/9/16 13:39,9/9/16 17:24,3.21086641,28,18,3.67E-06,1.33E-06,2.68E-08,1.52E-08,6.30E-07,2.13E-05
5,DR01,9/13/2016,2016,257,9/13/16 12:20,9/13/16 11:23,4.220979284,27,25,2.45E-06,9.92E-07,1.42E-08,2.28E-08,1.00E-07,1.22E-05
2,DR01,9/14/2016,2016,258,9/14/16 6:44,9/14/16 8:06,3.404032955,38,26,6.33E-06,3.80E-06,5.86E-08,4.81E-08,5.76E-07,1.50E-05
14,DR01,9/14/2016,2016,258,9/14/16 8:05,9/14/16 8:06,7.320381789,38,26,7.11E-06,5.63E-06,3.25E-08,2.41E-08,5.76E-07,1.50E-05
31,DR01,9/14/2016,2016,258,9/14/16 9:05,9/14/16 9:50,3.456925552,38,26,1.35E-06,1.55E-06,2.23E-08,1.88E-08,5.76E-07,1.50E-05
34,DR01,9/16/2016,2016,260,9/16/16 5:33,9/16/16 5:26,7.477113899,42,28,1.20E-05,7.12E-06,3.65E-08,4.49E-08,8.10E-07,3.73E-05
23,DR01,9/18/2016,2016,262,9/18/16 21:42,9/18/16 18:18,4.901475089,25,23,5.07E-06,2.10E-06,3.14E-08,2.95E-08,3.06E-07,1.73E-05
5,DR01,9/21/2016,2016,265,9/21/16 3:52,9/21/16 3:42,5.813884089,37,21,2.96E-06,2.00E-06,1.74E-08,2.80E-08,1.35E-07,1.23E-05
6,DR01,9/21/2016,2016,265,9/21/16 4:12,9/21/16 3:42,4.520119138,37,21,3.39E-06,2.38E-06,1.96E-08,2.85E-08,1.35E-07,1.23E-05
8,DR01,9/22/2016,2016,266,9/22/16 23:10,9/22/16 15:39,4.069811766,35,25,4.04E-06,2.56E-06,2.94E-08,4.11E-08,1.69E-07,1.55E-05
13,DR01,9/22/2016,2016,266,9/22/16 23:21,9/22/16 15:39,3.76195504,35,25,3.59E-06,2.32E-06,3.39E-08,4.36E-08,1.69E-07,1.55E-05
6,DR01,9/23/2016,2016,267,9/23/16 5:50,9/23/16 6:00,3.601895624,54,23,1.84E-06,1.39E-06,7.38E-08,1.01E-07,4.13E-07,1.01E-05
33,DR01,9/23/2016,2016,267,9/23/16 10:48,9/23/16 12:22,4.735088609,54,23,2.77E-06,1.48E-06,6.50E-08,8.49E-08,4.13E-07,1.01E-05
37,DR01,9/23/2016,2016,267,9/23/16 10:58,9/23/16 12:22,3.058819485,54,23,3.23E-06,2.19E-06,6.31E-08,7.76E-08,4.13E-07,1.01E-05
9,DR01,9/27/2016,2016,271,9/27/16 17:42,9/27/16 17:37,3.095448583,36,21,4.09E-06,3.27E-06,5.39E-08,8.36E-08,4.03E-07,1.33E-05
22,DR01,9/27/2016,2016,271,9/27/16 18:54,9/27/16 19:40,3.644518494,36,21,2.86E-06,1.00E-06,6.69E-08,1.18E-07,4.03E-07,1.33E-05
19,DR01,9/28/2016,2016,272,9/28/16 7:04,9/28/16 6:58,3.174269424,44,22,4.75E-06,1.79E-06,4.74E-08,7.12E-08,3.58E-07,1.65E-05
23,DR01,9/28/2016,2016,272,9/28/16 7:39,9/28/16 7:29,3.386388244,44,22,7.45E-06,4.42E-06,5.23E-08,7.74E-08,3.58E-07,1.65E-05
29,DR01,9/30/2016,2016,274,9/30/16 23:45,9/30/16 23:42,3.224881103,32,21,2.33E-06,1.34E-06,4.36E-08,5.87E-08,2.80E-07,1.37E-05
31,DR01,9/30/2016,2016,274,9/30/16 23:48,9/30/16 23:42,3.16063924,32,21,5.30E-06,3.52E-06,3.83E-08,5.25E-08,2.80E-07,1.37E-05
25,DR01,10/1/2016,2016,275,10/1/16 12:19,10/1/16 11:52,4.161665767,47,23,4.12E-06,2.95E-06,6.98E-08,9.27E-08,3.59E-07,1.63E-05
36,DR01,10/1/2016,2016,275,10/1/16 12:32,10/1/16 11:52,4.751687467,47,23,7.02E-06,3.33E-06,6.20E-08,8.85E-08,3.59E-07,1.63E-05
42,DR01,10/1/2016,2016,275,10/1/16 12:40,10/1/16 11:52,3.040233294,47,23,5.36E-06,3.61E-06,5.73E-08,8.14E-08,3.59E-07,1.63E-05
45,DR01,10/1/2016,2016,275,10/1/16 18:44,10/1/16 19:24,3.656043506,47,23,5.91E-06,3.72E-06,5.85E-08,8.04E-08,3.59E-07,1.63E-05
6,DR01,10/2/2016,2016,276,10/2/16 5:35,10/2/16 5:56,4.659184001,12,18,4.55E-06,3.01E-06,3.55E-08,4.76E-08,2.52E-07,1.31E-05
4,DR01,10/4/2016,2016,278,10/4/16 3:58,10/4/16 3:42,5.352727256,18,20,2.90E-06,1.19E-06,1.26E-08,6.80E-08,2.18E-07,1.41E-05
3,DR01,10/5/2016,2016,279,10/5/16 6:24,10/5/16 6:23,3.494300727,9,24,3.91E-06,2.69E-06,4.10E-08,1.11E-07,4.28E-07,1.40E-05
6,DR01,10/6/2016,2016,280,10/6/16 14:08,10/6/16 14:08,4.680139234,21,24,6.77E-06,3.45E-06,1.51E-08,2.12E-08,4.20E-07,1.38E-05
5,DR01,10/7/2016,2016,281,10/7/16 6:04,10/7/16 19:26,6.080942852,24,25,7.19E-06,4.26E-06,7.23E-08,3.70E-08,7.14E-07,2.14E-05
12,DR01,10/7/2016,2016,281,10/7/16 7:48,10/7/16 19:26,3.055721614,24,25,3.27E-06,2.89E-06,4.29E-08,3.91E-08,7.14E-07,2.14E-05
32,DR01,10/10/2016,2016,284,10/10/16 1:41,10/10/16 2:12,3.336128014,56,22,3.65E-06,2.45E-06,6.90E-08,9.39E-08,4.01E-07,1.38E-05
37,DR01,10/10/2016,2016,284,10/10/16 2:09,10/10/16 2:12,5.997862286,56,22,6.66E-06,2.35E-06,5.83E-08,8.16E-08,4.01E-07,1.38E-05
4,DR01,10/12/2016,2016,286,10/12/16 8:16,10/12/16 8:15,4.393549733,6,25,6.24E-06,3.31E-06,2.81E-08,3.25E-08,4.40E-07,2.86E-05
1,DR01,10/17/2016,2016,291,10/17/16 9:25,10/17/16 9:25,3.525981449,1,18,3.85E-05,1.55E-05,5.68E-07,6.07E-07,2.75E-06,1.49E-05
10,DR01,10/18/2016,2016,292,10/18/16 20:43,10/18/16 20:31,4.292427861,10,22,5.73E-06,3.44E-06,1.44E-08,3.46E-08,2.04E-07,1.50E-05
8,DR01,10/22/2016,2016,296,10/22/16 10:15,10/22/16 10:18,5.177452124,28,23,5.38E-06,3.74E-06,7.36E-08,6.55E-08,1.48E-06,1.56E-05
6,DR01,10/24/2016,2016,298,10/24/16 23:24,10/24/16 22:30,4.130754443,24,27,4.01E-06,2.95E-06,4.90E-08,5.05E-08,2.82E-07,1.60E-05
2,DR01,10/25/2016,2016,299,10/25/16 0:03,10/25/16 0:02,4.054215148,62,22,5.10E-06,2.19E-06,6.69E-08,6.93E-08,3.86E-07,1.43E-05
8,DR01,10/25/2016,2016,299,10/25/16 2:34,10/25/16 4:10,4.206212312,62,22,2.06E-06,2.15E-06,7.22E-08,7.44E-08,3.86E-07,1.43E-05
42,DR01,10/25/2016,2016,299,10/25/16 12:08,10/25/16 12:13,4.192979784,62,22,4.50E-06,3.06E-06,8.08E-08,8.70E-08,3.86E-07,1.43E-05
44,DR01,10/25/2016,2016,299,10/25/16 12:10,10/25/16 12:13,3.297685005,62,22,5.06E-06,2.94E-06,8.34E-08,8.98E-08,3.86E-07,1.43E-05
18,DR01,10/26/2016,2016,300,10/26/16 1:40,10/26/16 2:56,3.324581306,40,20,3.31E-06,1.06E-06,4.39E-08,5.19E-08,2.09E-07,1.37E-05
30,DR01,10/26/2016,2016,300,10/26/16 2:26,10/26/16 2:56,4.431541331,40,20,1.76E-06,1.09E-06,3.51E-08,4.35E-08,2.09E-07,1.37E-05
31,DR01,10/28/2016,2016,302,10/28/16 10:05,10/28/16 10:16,3.218416495,34,22,3.47E-06,2.56E-06,2.34E-08,2.15E-08,9.99E-07,1.62E-05
15,DR01,11/1/2016,2016,306,11/1/16 9:04,11/1/16 11:11,6.734794933,16,24,5.75E-06,2.20E-06,1.89E-08,1.41E-08,4.79E-07,1.83E-05
7,DR01,11/2/2016,2016,307,11/2/16 10:34,11/2/16 10:50,4.895869831,12,30,1.11E-05,5.75E-06,1.58E-08,1.19E-08,1.57E-07,2.67E-05
1,DR01,11/9/2016,2016,314,11/9/16 13:11,11/9/16 13:11,8.029993811,1,16,6.19E-05,2.48E-05,6.97E-07,6.89E-07,2.81E-06,1.89E-05
6,DR01,11/10/2016,2016,315,11/10/16 1:30,11/10/16 1:29,4.191740134,6,2,5.54E-06,4.88E-06,3.76E-06,1.97E-06,5.39E-05,2.04E-05